-- MySQL dump 10.15  Distrib 10.0.36-MariaDB, for debian-linux-gnu (x86_64)
--
-- Host: localhost    Database: amazon
-- ------------------------------------------------------
-- Server version	10.0.36-MariaDB-0ubuntu0.16.04.1

/*!40101 SET @OLD_CHARACTER_SET_CLIENT=@@CHARACTER_SET_CLIENT */;
/*!40101 SET @OLD_CHARACTER_SET_RESULTS=@@CHARACTER_SET_RESULTS */;
/*!40101 SET @OLD_COLLATION_CONNECTION=@@COLLATION_CONNECTION */;
/*!40101 SET NAMES utf8mb4 */;
/*!40103 SET @OLD_TIME_ZONE=@@TIME_ZONE */;
/*!40103 SET TIME_ZONE='+00:00' */;
/*!40014 SET @OLD_UNIQUE_CHECKS=@@UNIQUE_CHECKS, UNIQUE_CHECKS=0 */;
/*!40014 SET @OLD_FOREIGN_KEY_CHECKS=@@FOREIGN_KEY_CHECKS, FOREIGN_KEY_CHECKS=0 */;
/*!40101 SET @OLD_SQL_MODE=@@SQL_MODE, SQL_MODE='NO_AUTO_VALUE_ON_ZERO' */;
/*!40111 SET @OLD_SQL_NOTES=@@SQL_NOTES, SQL_NOTES=0 */;

--
-- Table structure for table `categories`
--

DROP TABLE IF EXISTS `categories`;
/*!40101 SET @saved_cs_client     = @@character_set_client */;
/*!40101 SET character_set_client = utf8 */;
CREATE TABLE `categories` (
  `id` int(11) NOT NULL AUTO_INCREMENT,
  `categories_names_id` int(11) NOT NULL,
  `items_id` int(11) NOT NULL,
  PRIMARY KEY (`id`),
  KEY `categories_names_id` (`categories_names_id`),
  KEY `items_id` (`items_id`),
  CONSTRAINT `categories_ibfk_12` FOREIGN KEY (`items_id`) REFERENCES `items` (`id`) ON DELETE CASCADE ON UPDATE CASCADE,
  CONSTRAINT `categories_ibfk_8` FOREIGN KEY (`categories_names_id`) REFERENCES `categories_names` (`id`) ON DELETE CASCADE ON UPDATE CASCADE
) ENGINE=InnoDB AUTO_INCREMENT=3235 DEFAULT CHARSET=utf8mb4;
/*!40101 SET character_set_client = @saved_cs_client */;

--
-- Dumping data for table `categories`
--

LOCK TABLES `categories` WRITE;
/*!40000 ALTER TABLE `categories` DISABLE KEYS */;
INSERT INTO `categories` VALUES (1102,206,258),(1103,207,258),(1104,208,258),(1105,212,259),(1106,209,261),(1107,209,262),(1108,209,263),(1109,218,263),(1110,219,263),(1111,209,264),(1112,206,256),(1113,207,256),(1114,208,256),(1115,209,257),(1116,210,257),(1117,211,257),(1118,209,259),(1119,213,260),(1120,214,260),(1121,215,260),(1122,216,261),(1123,217,261),(1124,218,262),(1125,219,262),(1126,220,264),(1127,221,264),(1128,223,259),(1129,224,259),(1130,225,259),(1131,228,266),(1132,229,266),(1133,230,266),(1134,234,269),(1135,235,269),(1136,231,270),(1137,231,271),(1138,232,271),(1139,233,271),(1140,237,269),(1141,206,272),(1142,213,275),(1143,214,275),(1144,215,275),(1145,209,276),(1146,218,276),(1147,213,277),(1148,214,277),(1149,215,277),(1150,209,278),(1151,231,279),(1152,232,279),(1153,231,280),(1154,232,280),(1155,231,281),(1156,231,282),(1157,232,282),(1158,248,282),(1159,248,279),(1160,231,283),(1161,232,283),(1162,248,283),(1163,231,284),(1164,250,284),(1165,234,286),(1166,234,287),(1167,235,287),(1168,234,288),(1169,234,289),(1170,235,289),(1171,234,290),(1172,256,290),(1173,257,290),(1174,206,291),(1175,206,293),(1176,240,293),(1177,206,294),(1178,240,294),(1179,267,294),(1180,206,295),(1181,240,295),(1182,267,295),(1183,206,297),(1184,240,297),(1185,267,297),(1186,271,298),(1187,206,299),(1188,240,299),(1189,267,299),(1190,206,300),(1191,240,300),(1192,267,300),(1193,264,301),(1194,242,302),(1195,243,302),(1196,206,303),(1197,240,303),(1198,267,303),(1199,206,304),(1200,240,304),(1201,267,304),(1202,264,305),(1203,272,305),(1204,273,305),(1205,206,306),(1206,240,306),(1207,267,306),(1208,206,307),(1209,240,307),(1210,267,307),(1211,206,308),(1212,240,308),(1213,267,308),(1214,206,309),(1215,240,309),(1216,267,309),(1217,206,310),(1218,240,310),(1219,267,310),(1220,206,311),(1221,240,311),(1222,267,311),(1223,206,313),(1224,240,313),(1225,267,313),(1226,206,314),(1227,240,314),(1228,267,314),(1229,206,315),(1230,240,315),(1231,267,315),(1232,206,316),(1233,267,316),(1234,264,317),(1235,272,317),(1236,273,317),(1237,206,318),(1238,240,318),(1239,267,318),(1240,242,319),(1241,243,319),(1242,231,267),(1243,232,267),(1244,233,267),(1245,268,320),(1246,234,321),(1247,209,323),(1248,216,323),(1249,217,323),(1250,282,325),(1251,283,325),(1252,284,325),(1253,282,326),(1254,283,326),(1255,264,327),(1256,265,327),(1257,282,328),(1258,283,328),(1259,284,328),(1260,231,329),(1261,242,330),(1262,243,330),(1263,277,330),(1264,234,331),(1265,292,331),(1266,293,331),(1267,234,332),(1268,256,332),(1269,257,332),(1270,231,333),(1271,232,333),(1272,249,333),(1273,231,334),(1274,232,334),(1275,249,334),(1276,228,335),(1277,229,335),(1278,230,335),(1279,228,336),(1280,229,336),(1281,230,336),(1282,231,337),(1283,232,337),(1284,249,337),(1285,234,338),(1286,280,338),(1287,256,286),(1288,257,286),(1289,213,339),(1290,214,339),(1291,215,339),(1292,231,340),(1293,250,340),(1294,238,270),(1295,239,270),(1296,209,341),(1297,218,341),(1298,219,341),(1299,231,342),(1300,250,342),(1301,231,343),(1302,232,343),(1303,233,343),(1304,231,344),(1305,250,344),(1306,231,345),(1307,232,345),(1308,248,345),(1309,231,346),(1310,250,346),(1311,297,346),(1312,231,347),(1313,232,347),(1314,296,347),(1315,282,348),(1316,283,348),(1317,234,349),(1318,256,349),(1319,257,349),(1320,234,350),(1321,231,352),(1322,232,352),(1323,234,353),(1324,256,353),(1325,257,353),(1326,242,354),(1327,243,354),(1328,244,354),(1329,234,355),(1330,256,355),(1331,231,356),(1332,232,356),(1333,304,356),(1334,234,357),(1335,256,357),(1336,257,357),(1337,282,358),(1338,283,358),(1339,231,359),(1340,290,359),(1341,234,360),(1342,256,360),(1343,231,361),(1344,290,361),(1345,234,362),(1346,256,362),(1347,257,362),(1348,234,363),(1349,256,363),(1350,234,364),(1351,256,364),(1352,257,364),(1353,209,365),(1354,285,366),(1355,234,368),(1356,256,368),(1357,231,370),(1358,232,370),(1359,304,370),(1360,234,371),(1361,256,371),(1362,257,371),(1363,285,372),(1364,313,372),(1365,314,372),(1366,282,373),(1367,283,373),(1368,298,373),(1369,282,374),(1370,283,374),(1371,282,375),(1372,283,375),(1373,298,375),(1374,234,376),(1375,256,376),(1376,257,376),(1377,234,377),(1378,235,377),(1379,258,377),(1380,234,378),(1381,256,378),(1382,257,378),(1383,231,379),(1384,232,379),(1385,249,379),(1386,222,380),(1387,209,380),(1388,223,380),(1389,224,380),(1390,231,381),(1391,290,381),(1392,209,382),(1393,210,382),(1394,211,382),(1395,209,383),(1396,210,383),(1397,211,383),(1398,209,384),(1399,210,384),(1400,211,384),(1401,209,385),(1402,210,385),(1403,211,385),(1404,209,386),(1405,210,386),(1406,211,386),(1407,209,387),(1408,210,387),(1409,211,387),(1410,209,388),(1411,210,388),(1412,211,388),(1413,209,389),(1414,210,389),(1415,211,389),(1416,209,390),(1417,210,390),(1418,211,390),(1419,209,391),(1420,210,391),(1421,211,391),(1422,209,392),(1423,216,392),(1424,296,392),(1425,209,393),(1426,210,393),(1427,211,393),(1428,209,394),(1429,223,394),(1430,224,394),(1431,209,395),(1432,216,395),(1433,217,395),(1434,209,396),(1435,210,396),(1436,211,396),(1437,209,397),(1438,216,397),(1439,296,397),(1440,209,398),(1441,210,398),(1442,211,398),(1443,209,399),(1444,210,399),(1445,211,399),(1446,209,400),(1447,210,400),(1448,211,400),(1449,225,401),(1450,209,401),(1451,223,401),(1452,224,401),(1453,209,402),(1454,210,402),(1455,211,402),(1456,209,403),(1457,210,403),(1458,211,403),(1459,209,404),(1460,210,404),(1461,211,404),(1462,209,405),(1463,210,405),(1464,211,405),(1465,209,406),(1466,210,406),(1467,211,406),(1468,209,407),(1469,210,407),(1470,211,407),(1471,209,408),(1472,210,408),(1473,211,408),(1474,268,409),(1475,231,410),(1476,232,410),(1477,248,410),(1478,231,411),(1479,209,412),(1480,296,412),(1481,328,412),(1482,319,413),(1483,285,414),(1484,242,274),(1485,243,274),(1486,244,274),(1487,209,415),(1488,209,416),(1489,209,417),(1490,209,418),(1491,218,418),(1492,219,418),(1493,268,419),(1494,209,420),(1495,218,420),(1496,219,420),(1497,209,421),(1498,216,421),(1499,268,422),(1500,339,422),(1501,340,422),(1502,268,423),(1503,339,423),(1504,222,424),(1505,234,425),(1506,292,425),(1507,209,426),(1508,246,426),(1509,247,426),(1510,234,427),(1511,299,427),(1512,231,428),(1513,238,428),(1514,268,429),(1515,282,430),(1516,283,430),(1517,234,431),(1518,292,431),(1519,293,431),(1520,234,432),(1521,292,432),(1522,293,432),(1523,231,433),(1524,340,433),(1525,315,434),(1526,282,435),(1527,283,435),(1528,322,435),(1529,234,436),(1530,292,436),(1531,293,436),(1532,234,437),(1533,299,437),(1534,234,438),(1535,292,438),(1536,293,438),(1537,282,439),(1538,283,439),(1539,322,439),(1540,268,440),(1541,339,440),(1542,342,440),(1543,234,441),(1544,282,322),(1545,283,322),(1546,284,322),(1547,289,327),(1548,231,442),(1549,232,442),(1550,233,442),(1551,231,443),(1552,232,443),(1553,233,443),(1554,282,444),(1555,283,444),(1556,206,445),(1557,240,445),(1558,241,445),(1559,285,446),(1560,253,447),(1561,359,447),(1562,360,447),(1563,206,448),(1564,315,449),(1565,206,450),(1566,361,450),(1567,362,450),(1568,315,451),(1569,363,451),(1570,206,452),(1571,240,452),(1572,241,452),(1573,206,453),(1574,240,453),(1575,241,453),(1576,206,454),(1577,240,454),(1578,241,454),(1579,206,455),(1580,240,455),(1581,241,455),(1582,228,456),(1583,229,456),(1584,230,456),(1585,206,457),(1586,240,457),(1587,241,457),(1588,315,458),(1589,363,458),(1590,365,458),(1591,240,272),(1592,241,272),(1593,315,459),(1594,363,459),(1595,364,459),(1596,209,460),(1597,246,460),(1598,209,461),(1599,210,461),(1600,209,462),(1601,337,462),(1602,206,463),(1603,207,463),(1604,208,463),(1605,285,464),(1606,286,464),(1607,296,464),(1608,209,465),(1609,210,465),(1610,241,465),(1611,242,466),(1612,209,467),(1613,246,467),(1614,366,467),(1615,206,468),(1616,207,468),(1617,240,468),(1618,347,429),(1619,348,429),(1620,268,469),(1621,339,469),(1622,340,469),(1623,341,421),(1624,209,470),(1625,246,470),(1626,296,470),(1627,268,471),(1628,339,471),(1629,340,471),(1630,337,417),(1631,338,417),(1632,209,472),(1633,337,472),(1634,315,473),(1635,363,473),(1636,206,474),(1637,209,475),(1638,246,475),(1639,366,475),(1640,209,476),(1641,246,476),(1642,366,476),(1643,209,477),(1644,246,477),(1645,366,477),(1646,373,474),(1647,374,474),(1648,209,478),(1649,246,478),(1650,366,478),(1651,209,479),(1652,216,479),(1653,341,479),(1654,268,480),(1655,209,481),(1656,216,481),(1657,341,481),(1658,209,482),(1659,209,483),(1660,337,483),(1661,368,483),(1662,261,289),(1663,231,484),(1664,250,484),(1665,234,485),(1666,235,485),(1667,296,485),(1668,234,486),(1669,280,486),(1670,234,487),(1671,259,487),(1672,234,488),(1673,235,488),(1674,261,488),(1675,234,489),(1676,235,489),(1677,261,489),(1678,264,490),(1679,241,491),(1680,264,492),(1681,272,492),(1682,349,430),(1683,234,493),(1684,292,493),(1685,293,493),(1686,253,494),(1687,253,495),(1688,254,495),(1689,234,497),(1690,299,497),(1691,282,498),(1692,283,498),(1693,296,498),(1694,213,499),(1695,310,363),(1696,206,500),(1697,274,500),(1698,209,501),(1699,216,501),(1700,217,501),(1701,315,502),(1702,319,504),(1703,242,505),(1704,369,505),(1705,209,507),(1706,210,507),(1707,211,507),(1708,209,508),(1709,210,508),(1710,367,508),(1711,264,509),(1712,380,486),(1713,228,510),(1714,242,511),(1715,243,511),(1716,277,511),(1717,234,512),(1718,256,512),(1719,257,512),(1720,242,513),(1721,369,513),(1722,370,513),(1723,231,514),(1724,342,514),(1725,209,515),(1726,218,515),(1727,219,515),(1728,242,516),(1729,243,516),(1730,277,516),(1731,231,517),(1732,342,517),(1733,301,518),(1734,242,519),(1735,243,519),(1736,277,519),(1737,231,520),(1738,290,520),(1739,307,520),(1740,209,521),(1741,210,521),(1742,367,521),(1743,228,522),(1744,319,523),(1745,320,523),(1746,321,523),(1747,234,524),(1748,292,524),(1749,344,524),(1750,231,525),(1751,326,525),(1752,242,526),(1753,243,526),(1754,277,526),(1755,231,527),(1756,290,527),(1757,209,528),(1758,216,528),(1759,296,528),(1760,234,529),(1761,256,529),(1762,310,529),(1763,242,530),(1764,243,530),(1765,242,531),(1766,243,531),(1767,277,531),(1768,268,532),(1769,339,532),(1770,242,533),(1771,243,533),(1772,277,533),(1773,242,534),(1774,243,534),(1775,277,534),(1776,209,535),(1777,216,535),(1778,242,536),(1779,243,536),(1780,277,536),(1781,242,537),(1782,243,537),(1783,277,537),(1784,209,538),(1785,218,538),(1786,242,539),(1787,243,539),(1788,277,539),(1789,206,540),(1790,240,540),(1791,241,540),(1792,228,541),(1793,264,542),(1794,405,542),(1795,282,543),(1796,283,543),(1797,231,544),(1798,290,544),(1799,323,544),(1800,242,545),(1801,243,545),(1802,222,546),(1803,209,547),(1804,210,547),(1805,234,548),(1806,259,548),(1807,301,549),(1808,411,549),(1809,339,419),(1810,340,419),(1811,231,550),(1812,290,550),(1813,296,550),(1814,326,411),(1815,327,411),(1816,231,551),(1817,290,551),(1818,238,551),(1819,282,552),(1820,283,552),(1821,424,552),(1822,231,553),(1823,290,553),(1824,231,554),(1825,290,554),(1826,429,554),(1827,231,555),(1828,290,555),(1829,238,555),(1830,282,556),(1831,283,556),(1832,411,518),(1833,412,518),(1834,231,557),(1835,290,557),(1836,238,557),(1837,234,558),(1838,256,558),(1839,310,558),(1840,282,559),(1841,283,559),(1842,349,559),(1843,234,560),(1844,319,561),(1845,282,562),(1846,283,562),(1847,356,562),(1848,206,563),(1849,373,563),(1850,374,563),(1851,206,564),(1852,373,564),(1853,318,368),(1854,319,565),(1855,363,449),(1856,364,449),(1857,206,566),(1858,240,566),(1859,241,566),(1860,231,567),(1861,290,567),(1862,238,567),(1863,315,568),(1864,363,568),(1865,364,568),(1866,426,547),(1867,282,569),(1868,283,569),(1869,288,569),(1870,206,570),(1871,240,570),(1872,241,570),(1873,206,571),(1874,240,571),(1875,241,571),(1876,231,572),(1877,238,572),(1878,206,573),(1879,240,573),(1880,241,573),(1881,315,574),(1882,363,574),(1883,364,574),(1884,213,575),(1885,214,575),(1886,215,575),(1887,206,576),(1888,240,576),(1889,241,576),(1890,206,577),(1891,240,577),(1892,241,577),(1893,315,578),(1894,363,578),(1895,364,578),(1896,206,579),(1897,240,579),(1898,241,579),(1899,315,580),(1900,363,580),(1901,296,580),(1902,242,581),(1903,243,581),(1904,425,581),(1905,399,582),(1906,296,582),(1907,399,583),(1908,399,584),(1909,440,584),(1910,441,584),(1911,399,586),(1912,440,586),(1913,441,586),(1914,399,587),(1915,440,587),(1916,441,587),(1917,399,588),(1918,440,588),(1919,441,588),(1920,399,589),(1921,440,589),(1922,441,589),(1923,399,590),(1924,440,590),(1925,441,590),(1926,399,591),(1927,440,591),(1928,441,591),(1929,399,592),(1930,440,592),(1931,441,592),(1932,399,593),(1933,440,593),(1934,441,593),(1935,231,594),(1936,342,594),(1937,296,594),(1938,399,595),(1939,440,595),(1940,441,595),(1941,399,596),(1942,440,596),(1943,441,596),(1944,399,597),(1945,440,597),(1946,441,597),(1947,399,598),(1948,440,598),(1949,441,598),(1950,399,599),(1951,440,599),(1952,441,599),(1953,399,600),(1954,440,600),(1955,441,600),(1956,399,601),(1957,440,601),(1958,441,601),(1959,399,602),(1960,440,602),(1961,441,602),(1962,399,603),(1963,377,482),(1964,378,482),(1965,231,604),(1966,232,604),(1967,335,416),(1968,336,416),(1969,356,444),(1970,288,326),(1971,209,605),(1972,218,605),(1973,296,605),(1974,282,606),(1975,283,606),(1976,356,606),(1977,285,607),(1978,286,607),(1979,287,607),(1980,231,608),(1981,290,608),(1982,416,608),(1983,282,609),(1984,283,609),(1985,231,610),(1986,290,610),(1987,429,610),(1988,268,611),(1989,324,611),(1990,231,612),(1991,290,612),(1992,429,612),(1993,231,613),(1994,290,613),(1995,429,613),(1996,231,614),(1997,290,614),(1998,307,614),(1999,231,615),(2000,290,615),(2001,416,615),(2002,231,616),(2003,290,616),(2004,307,616),(2005,231,617),(2006,290,617),(2007,429,617),(2008,231,618),(2009,290,618),(2010,416,618),(2011,285,619),(2012,286,619),(2013,231,620),(2014,290,620),(2015,416,620),(2016,282,621),(2017,283,621),(2018,322,621),(2019,231,622),(2020,232,622),(2021,353,437),(2022,234,624),(2023,292,624),(2024,315,625),(2025,351,625),(2026,352,625),(2027,234,626),(2028,256,626),(2029,310,626),(2030,451,623),(2031,452,623),(2032,453,623),(2033,264,627),(2034,405,627),(2035,234,628),(2036,256,628),(2037,257,628),(2038,264,629),(2039,405,629),(2040,455,629),(2041,268,630),(2042,347,630),(2043,285,631),(2044,357,631),(2045,268,632),(2046,339,632),(2047,340,632),(2048,420,538),(2049,206,633),(2050,207,633),(2051,315,634),(2052,351,634),(2053,352,634),(2054,242,635),(2055,243,635),(2056,274,635),(2057,285,636),(2058,313,636),(2059,314,636),(2060,228,637),(2061,407,637),(2062,209,638),(2063,231,639),(2064,290,639),(2065,307,639),(2066,282,641),(2067,283,641),(2068,284,641),(2069,301,643),(2070,228,644),(2071,229,644),(2072,230,644),(2073,234,645),(2074,292,645),(2075,293,645),(2076,228,646),(2077,413,646),(2078,228,647),(2079,229,647),(2080,230,647),(2081,234,268),(2082,235,268),(2083,236,268),(2084,206,648),(2085,240,648),(2086,267,648),(2087,264,649),(2088,272,649),(2089,258,287),(2090,231,650),(2091,232,650),(2092,450,650),(2093,206,651),(2094,274,651),(2095,465,649),(2096,231,652),(2097,290,652),(2098,291,652),(2099,234,653),(2100,280,653),(2101,209,654),(2102,218,654),(2103,209,655),(2104,253,656),(2105,254,656),(2106,255,656),(2107,234,657),(2108,259,657),(2109,260,657),(2110,231,658),(2111,238,658),(2112,399,659),(2113,443,659),(2114,209,660),(2115,218,660),(2116,242,661),(2117,243,661),(2118,244,661),(2119,468,654),(2120,282,662),(2121,283,662),(2122,284,662),(2123,231,663),(2124,342,663),(2125,222,664),(2126,209,664),(2127,223,664),(2128,224,664),(2129,268,665),(2130,339,665),(2131,418,665),(2132,231,666),(2133,340,666),(2134,209,667),(2135,231,669),(2136,232,669),(2137,234,670),(2138,235,670),(2139,261,670),(2140,234,671),(2141,292,671),(2142,454,671),(2143,467,653),(2144,472,659),(2145,222,672),(2146,474,663),(2147,296,670),(2148,480,671),(2149,296,671),(2150,481,671),(2151,231,673),(2152,290,673),(2153,416,673),(2154,282,674),(2155,283,674),(2156,349,674),(2157,480,287),(2158,296,287),(2159,481,287),(2160,480,286),(2161,296,286),(2162,481,286),(2163,480,658),(2164,296,658),(2165,481,658),(2166,480,322),(2167,296,322),(2168,481,322),(2169,466,651),(2170,473,660),(2171,480,661),(2172,296,661),(2173,481,661),(2174,209,675),(2175,218,675),(2176,468,675),(2177,469,655),(2178,470,655),(2179,480,676),(2180,296,676),(2181,481,676),(2182,282,677),(2183,283,677),(2184,322,677),(2185,480,678),(2186,296,678),(2187,481,678),(2188,480,289),(2189,296,289),(2190,481,289),(2191,480,269),(2192,296,269),(2193,481,269),(2194,231,679),(2195,326,679),(2196,327,679),(2197,480,515),(2198,296,515),(2199,481,515),(2200,206,680),(2201,262,680),(2202,263,680),(2203,480,667),(2204,296,667),(2205,481,667),(2206,209,681),(2207,311,681),(2208,476,666),(2209,231,682),(2210,250,682),(2211,251,682),(2212,480,668),(2213,483,668),(2214,484,668),(2215,228,683),(2216,480,684),(2217,338,684),(2218,480,271),(2219,296,271),(2220,481,271),(2221,480,685),(2222,296,685),(2223,481,685),(2224,231,686),(2225,290,686),(2226,429,686),(2227,209,687),(2228,216,687),(2229,296,687),(2230,209,688),(2231,311,688),(2232,296,688),(2233,479,669),(2234,209,689),(2235,311,689),(2236,209,690),(2237,231,691),(2238,480,692),(2239,296,692),(2240,481,692),(2241,480,693),(2242,296,693),(2243,481,693),(2244,480,528),(2245,481,528),(2246,209,694),(2247,311,694),(2248,282,695),(2249,283,695),(2250,284,695),(2251,264,696),(2252,405,696),(2253,423,696),(2254,209,697),(2255,328,697),(2256,296,697),(2257,480,698),(2258,296,698),(2259,481,698),(2260,480,699),(2261,296,699),(2262,481,699),(2263,231,700),(2264,232,700),(2265,209,701),(2266,469,701),(2267,282,702),(2268,283,702),(2269,447,702),(2270,231,703),(2271,290,703),(2272,238,703),(2273,231,704),(2274,232,704),(2275,494,704),(2276,480,416),(2277,296,416),(2278,481,416),(2279,209,705),(2280,210,705),(2281,211,705),(2282,480,482),(2283,296,482),(2284,481,482),(2285,246,278),(2286,247,278),(2287,209,706),(2288,469,706),(2289,206,707),(2290,207,707),(2291,240,707),(2292,206,708),(2293,207,708),(2294,208,708),(2295,209,709),(2296,210,709),(2297,367,709),(2298,206,710),(2299,207,710),(2300,240,710),(2301,264,711),(2302,272,711),(2303,273,711),(2304,480,712),(2305,296,712),(2306,481,712),(2307,480,713),(2308,296,713),(2309,481,713),(2310,253,714),(2311,209,715),(2312,210,715),(2313,426,715),(2314,231,716),(2315,232,716),(2316,304,716),(2317,242,717),(2318,243,717),(2319,417,717),(2320,480,718),(2321,296,718),(2322,481,718),(2323,480,719),(2324,296,719),(2325,481,719),(2326,242,720),(2327,243,720),(2328,480,721),(2329,296,721),(2330,481,721),(2331,253,722),(2332,428,549),(2333,480,723),(2334,296,723),(2335,481,723),(2336,282,724),(2337,283,724),(2338,349,724),(2339,268,725),(2340,269,725),(2341,270,725),(2342,480,726),(2343,296,726),(2344,481,726),(2345,209,727),(2346,246,727),(2347,366,727),(2348,234,728),(2349,292,728),(2350,293,728),(2351,480,729),(2352,296,729),(2353,481,729),(2354,480,730),(2355,296,730),(2356,481,730),(2357,234,731),(2358,256,731),(2359,480,732),(2360,296,732),(2361,481,732),(2362,480,733),(2363,296,733),(2364,481,733),(2365,480,734),(2366,296,734),(2367,481,734),(2368,480,532),(2369,338,532),(2370,487,532),(2371,480,281),(2372,296,281),(2373,481,281),(2374,480,735),(2375,296,735),(2376,481,735),(2377,480,736),(2378,296,736),(2379,481,736),(2380,480,737),(2381,296,737),(2382,481,737),(2383,354,441),(2384,355,441),(2385,242,738),(2386,243,738),(2387,277,738),(2388,242,739),(2389,243,739),(2390,277,739),(2391,268,740),(2392,324,740),(2393,325,740),(2394,410,517),(2395,206,741),(2396,276,741),(2397,274,741),(2398,384,742),(2399,385,742),(2400,241,742),(2401,209,743),(2402,337,743),(2403,296,743),(2404,242,744),(2405,369,744),(2406,370,744),(2407,209,745),(2408,460,745),(2409,242,746),(2410,243,746),(2411,480,747),(2412,296,747),(2413,481,747),(2414,315,748),(2415,363,748),(2416,372,748),(2417,480,749),(2418,296,749),(2419,481,749),(2420,319,750),(2421,206,751),(2422,276,751),(2423,241,751),(2424,206,752),(2425,276,752),(2426,241,752),(2427,206,753),(2428,276,753),(2429,241,753),(2430,206,754),(2431,276,754),(2432,241,754),(2433,206,755),(2434,276,755),(2435,241,755),(2436,228,756),(2437,421,756),(2438,206,757),(2439,276,757),(2440,241,757),(2441,480,758),(2442,483,758),(2443,206,759),(2444,207,759),(2445,240,759),(2446,480,760),(2447,483,760),(2448,508,760),(2449,209,761),(2450,328,761),(2451,206,762),(2452,276,762),(2453,241,762),(2454,264,764),(2455,272,764),(2456,386,764),(2457,206,765),(2458,276,765),(2459,241,765),(2460,206,766),(2461,240,766),(2462,241,766),(2463,206,767),(2464,276,767),(2465,241,767),(2466,206,768),(2467,276,768),(2468,241,768),(2469,206,769),(2470,276,769),(2471,241,769),(2472,206,770),(2473,276,770),(2474,241,770),(2475,242,772),(2476,243,772),(2477,480,773),(2478,483,773),(2479,484,773),(2480,206,774),(2481,276,774),(2482,241,774),(2483,231,775),(2484,238,775),(2485,438,775),(2486,206,776),(2487,276,776),(2488,241,776),(2489,206,777),(2490,276,777),(2491,241,777),(2492,206,778),(2493,276,778),(2494,241,778),(2495,206,779),(2496,276,779),(2497,206,780),(2498,396,780),(2499,274,780),(2500,206,781),(2501,276,781),(2502,241,781),(2503,206,782),(2504,276,782),(2505,511,782),(2506,206,783),(2507,276,783),(2508,241,783),(2509,209,784),(2510,460,784),(2511,480,785),(2512,483,785),(2513,480,786),(2514,483,786),(2515,513,786),(2516,480,787),(2517,483,787),(2518,484,787),(2519,206,788),(2520,276,788),(2521,241,788),(2522,206,789),(2523,240,789),(2524,241,789),(2525,206,790),(2526,276,790),(2527,241,790),(2528,480,791),(2529,483,791),(2530,480,792),(2531,483,792),(2532,206,793),(2533,240,793),(2534,241,793),(2535,480,794),(2536,483,794),(2537,514,794),(2538,480,795),(2539,483,795),(2540,480,796),(2541,483,796),(2542,242,797),(2543,243,797),(2544,206,798),(2545,240,798),(2546,241,798),(2547,480,799),(2548,483,799),(2549,514,799),(2550,480,800),(2551,483,800),(2552,480,801),(2553,483,801),(2554,519,801),(2555,480,802),(2556,483,802),(2557,519,802),(2558,480,803),(2559,483,803),(2560,480,804),(2561,483,804),(2562,518,797),(2563,480,805),(2564,483,805),(2565,519,805),(2566,480,806),(2567,483,806),(2568,519,806),(2569,480,807),(2570,483,807),(2571,480,808),(2572,483,808),(2573,206,809),(2574,240,809),(2575,241,809),(2576,480,811),(2577,483,811),(2578,519,811),(2579,242,812),(2580,243,812),(2581,277,812),(2582,480,813),(2583,483,813),(2584,520,813),(2585,480,814),(2586,483,814),(2587,523,808),(2588,480,815),(2589,483,815),(2590,519,815),(2591,480,816),(2592,483,816),(2593,524,816),(2594,480,817),(2595,483,817),(2596,524,817),(2597,480,818),(2598,483,818),(2599,515,792),(2600,206,819),(2601,240,819),(2602,241,819),(2603,242,820),(2604,369,820),(2605,206,791),(2606,240,791),(2607,241,791),(2608,206,821),(2609,240,821),(2610,241,821),(2611,242,822),(2612,243,822),(2613,425,822),(2614,242,823),(2615,243,823),(2616,274,823),(2617,206,824),(2618,240,824),(2619,241,824),(2620,206,825),(2621,240,825),(2622,241,825),(2623,209,826),(2624,210,826),(2625,480,827),(2626,483,827),(2627,206,828),(2628,240,828),(2629,241,828),(2630,206,808),(2631,240,808),(2632,241,808),(2633,242,829),(2634,369,829),(2635,370,829),(2636,480,830),(2637,483,830),(2638,516,830),(2639,206,831),(2640,240,831),(2641,241,831),(2642,480,831),(2643,483,831),(2644,516,831),(2645,510,772),(2646,514,791),(2647,242,832),(2648,243,832),(2649,518,832),(2650,206,833),(2651,240,833),(2652,241,833),(2653,480,834),(2654,483,834),(2655,517,834),(2656,206,835),(2657,276,835),(2658,241,835),(2659,480,836),(2660,483,836),(2661,516,836),(2662,206,837),(2663,396,837),(2664,274,837),(2665,206,838),(2666,240,838),(2667,241,838),(2668,480,798),(2669,483,798),(2670,516,798),(2671,242,839),(2672,243,839),(2673,518,839),(2674,206,840),(2675,240,840),(2676,241,840),(2677,480,841),(2678,483,841),(2679,522,841),(2680,517,796),(2681,241,842),(2682,480,843),(2683,483,843),(2684,522,843),(2685,206,844),(2686,240,844),(2687,241,844),(2688,206,845),(2689,207,845),(2690,276,845),(2691,509,761),(2692,234,846),(2693,292,846),(2694,454,846),(2695,234,847),(2696,292,847),(2697,293,847),(2698,234,848),(2699,292,848),(2700,454,848),(2701,282,849),(2702,283,849),(2703,322,849),(2704,282,850),(2705,283,850),(2706,322,850),(2707,234,851),(2708,292,851),(2709,293,851),(2710,282,852),(2711,283,852),(2712,322,852),(2713,234,853),(2714,431,853),(2715,296,853),(2716,234,854),(2717,259,854),(2718,381,854),(2719,242,855),(2720,369,855),(2721,404,855),(2722,442,585),(2723,451,856),(2724,480,857),(2725,296,857),(2726,481,857),(2727,497,714),(2728,498,714),(2729,226,259),(2730,209,858),(2731,477,858),(2732,296,858),(2733,209,859),(2734,477,859),(2735,296,859),(2736,209,860),(2737,210,860),(2738,211,860),(2739,231,862),(2740,340,862),(2741,209,863),(2742,210,863),(2743,527,863),(2744,480,864),(2745,296,864),(2746,481,864),(2747,480,865),(2748,296,865),(2749,481,865),(2750,209,866),(2751,328,866),(2752,231,867),(2753,340,867),(2754,296,867),(2755,480,868),(2756,338,868),(2757,487,868),(2758,480,869),(2759,296,869),(2760,481,869),(2761,206,870),(2762,207,870),(2763,208,870),(2764,231,871),(2765,340,871),(2766,350,871),(2767,242,872),(2768,369,872),(2769,209,873),(2770,246,873),(2771,366,873),(2772,480,874),(2773,296,874),(2774,481,874),(2775,209,875),(2776,210,875),(2777,211,875),(2778,206,876),(2779,207,876),(2780,208,876),(2781,480,595),(2782,296,595),(2783,481,595),(2784,480,600),(2785,296,600),(2786,481,600),(2787,480,877),(2788,296,877),(2789,481,877),(2790,480,588),(2791,296,588),(2792,481,588),(2793,480,878),(2794,296,878),(2795,481,878),(2796,480,601),(2797,296,601),(2798,481,601),(2799,480,879),(2800,296,879),(2801,481,879),(2802,264,880),(2803,272,880),(2804,273,880),(2805,206,881),(2806,276,881),(2807,267,881),(2808,480,583),(2809,296,583),(2810,481,583),(2811,268,882),(2812,339,882),(2813,340,882),(2814,480,597),(2815,296,597),(2816,481,597),(2817,231,883),(2818,290,883),(2819,307,883),(2820,433,561),(2821,434,561),(2822,264,884),(2823,265,884),(2824,266,884),(2825,231,885),(2826,290,885),(2827,238,885),(2828,209,886),(2829,210,886),(2830,211,886),(2831,231,887),(2832,290,887),(2833,540,889),(2834,541,889),(2835,542,889),(2836,480,890),(2837,296,890),(2838,481,890),(2839,480,592),(2840,296,592),(2841,481,592),(2842,231,892),(2843,290,892),(2844,539,892),(2845,540,893),(2846,541,893),(2847,542,893),(2848,319,894),(2849,433,894),(2850,434,894),(2851,209,895),(2852,218,895),(2853,379,484),(2854,480,896),(2855,296,896),(2856,481,896),(2857,231,897),(2858,290,897),(2859,429,897),(2860,206,898),(2861,240,898),(2862,241,898),(2863,268,899),(2864,206,900),(2865,276,900),(2866,511,900),(2867,480,901),(2868,483,901),(2869,480,902),(2870,483,902),(2871,529,842),(2872,530,842),(2873,480,903),(2874,483,903),(2875,548,903),(2876,206,904),(2877,240,904),(2878,241,904),(2879,480,905),(2880,483,905),(2881,548,905),(2882,480,906),(2883,483,906),(2884,549,906),(2885,206,907),(2886,276,907),(2887,241,907),(2888,480,908),(2889,483,908),(2890,549,908),(2891,480,909),(2892,483,909),(2893,206,910),(2894,240,910),(2895,241,910),(2896,480,911),(2897,483,911),(2898,548,911),(2899,480,912),(2900,483,912),(2901,548,912),(2902,480,913),(2903,483,913),(2904,548,913),(2905,480,914),(2906,483,914),(2907,548,914),(2908,234,915),(2909,256,915),(2910,257,915),(2911,242,916),(2912,369,916),(2913,370,916),(2914,234,917),(2915,292,917),(2916,454,917),(2917,282,918),(2918,283,918),(2919,322,918),(2920,234,919),(2921,292,919),(2922,454,919),(2923,234,920),(2924,292,920),(2925,293,920),(2926,282,921),(2927,283,921),(2928,322,921),(2929,234,922),(2930,292,922),(2931,454,922),(2932,242,923),(2933,369,923),(2934,296,923),(2935,231,924),(2936,290,924),(2937,323,924),(2938,242,925),(2939,243,925),(2940,518,925),(2941,234,927),(2942,292,927),(2943,344,927),(2944,319,928),(2945,320,928),(2946,234,929),(2947,292,929),(2948,293,929),(2949,231,930),(2950,290,930),(2951,238,930),(2952,231,931),(2953,290,931),(2954,238,931),(2955,533,932),(2956,534,932),(2957,535,932),(2958,209,933),(2959,460,933),(2960,234,934),(2961,235,934),(2962,209,935),(2963,218,935),(2964,296,935),(2965,231,936),(2966,290,936),(2967,309,936),(2968,242,937),(2969,369,937),(2970,404,937),(2971,242,938),(2972,369,938),(2973,404,938),(2974,209,939),(2975,216,939),(2976,419,939),(2977,242,940),(2978,369,940),(2979,404,940),(2980,209,941),(2981,218,941),(2982,219,941),(2983,209,942),(2984,218,942),(2985,296,942),(2986,209,943),(2987,296,943),(2988,231,944),(2989,290,944),(2990,429,944),(2991,234,945),(2992,280,945),(2993,467,945),(2994,242,946),(2995,243,946),(2996,241,946),(2997,315,947),(2998,351,947),(2999,352,947),(3000,209,948),(3001,218,948),(3002,296,948),(3003,213,949),(3004,480,950),(3005,296,950),(3006,481,950),(3007,480,951),(3008,483,951),(3009,209,952),(3010,209,953),(3011,559,953),(3012,560,953),(3013,209,954),(3014,559,954),(3015,209,955),(3016,218,955),(3017,420,955),(3018,209,956),(3019,559,956),(3020,561,956),(3021,234,957),(3022,280,957),(3023,281,957),(3024,234,958),(3025,280,958),(3026,281,958),(3027,213,959),(3028,214,959),(3029,215,959),(3030,213,960),(3031,214,960),(3032,264,961),(3033,265,961),(3034,266,961),(3035,234,962),(3036,256,962),(3037,257,962),(3038,234,963),(3039,259,963),(3040,234,721),(3041,235,721),(3042,237,721),(3043,234,736),(3044,231,964),(3045,340,964),(3046,268,965),(3047,339,965),(3048,340,965),(3049,282,966),(3050,283,966),(3051,322,966),(3052,231,967),(3053,290,967),(3054,309,967),(3055,264,968),(3056,405,968),(3057,455,968),(3058,512,784),(3059,301,969),(3060,231,970),(3061,290,970),(3062,282,971),(3063,283,971),(3064,349,971),(3065,231,972),(3066,232,972),(3067,231,973),(3068,290,973),(3069,238,973),(3070,231,974),(3071,232,974),(3072,494,974),(3073,282,975),(3074,283,975),(3075,349,975),(3076,228,976),(3077,253,977),(3078,497,977),(3079,242,978),(3080,243,978),(3081,242,979),(3082,243,979),(3083,499,979),(3084,319,980),(3085,315,981),(3086,363,981),(3087,364,981),(3088,282,982),(3089,283,982),(3090,322,982),(3091,242,983),(3092,243,983),(3093,241,983),(3094,264,984),(3095,265,984),(3096,266,984),(3097,417,530),(3098,231,985),(3099,238,985),(3100,438,985),(3101,228,986),(3102,421,986),(3103,242,987),(3104,243,987),(3105,244,987),(3106,231,988),(3107,290,988),(3108,429,988),(3109,231,989),(3110,290,989),(3111,238,989),(3112,307,359),(3113,480,990),(3114,296,990),(3115,481,990),(3116,228,991),(3117,229,991),(3118,230,991),(3119,231,992),(3120,290,992),(3121,238,992),(3122,213,993),(3123,556,993),(3124,242,994),(3125,581,995),(3126,231,996),(3127,290,996),(3128,539,996),(3129,209,997),(3130,246,997),(3131,247,997),(3132,209,998),(3133,220,998),(3134,221,998),(3135,231,999),(3136,290,999),(3137,238,999),(3138,209,1000),(3139,220,1000),(3140,221,1000),(3141,242,1001),(3142,243,1001),(3143,244,1001),(3144,242,1002),(3145,243,1002),(3146,244,1002),(3147,234,1003),(3148,235,1003),(3149,258,1003),(3150,333,415),(3151,334,415),(3152,315,1004),(3153,209,1005),(3154,460,1005),(3155,512,1005),(3156,231,1006),(3157,290,1006),(3158,429,1006),(3159,242,1007),(3160,243,1007),(3161,244,1007),(3162,285,1008),(3163,357,1008),(3164,358,1008),(3165,268,1009),(3166,339,1009),(3167,342,1009),(3168,242,1010),(3169,243,1010),(3170,244,1010),(3171,231,1011),(3172,290,1011),(3173,238,1011),(3174,209,1012),(3175,460,1012),(3176,206,1013),(3177,262,1013),(3178,263,1013),(3179,480,1014),(3180,483,1014),(3181,206,1015),(3182,262,1015),(3183,263,1015),(3184,206,1016),(3185,262,1016),(3186,263,1016),(3187,209,1017),(3188,328,1017),(3189,480,1018),(3190,483,1018),(3191,242,1019),(3192,578,1019),(3193,480,1020),(3194,483,1020),(3195,480,1021),(3196,338,1021),(3197,487,1021),(3198,242,1022),(3199,243,1022),(3200,274,1022),(3201,206,1023),(3202,262,1023),(3203,263,1023),(3204,209,1024),(3205,328,1024),(3206,509,1024),(3207,262,291),(3208,263,291),(3209,342,423),(3210,480,483),(3211,296,483),(3212,481,483),(3213,480,278),(3214,296,278),(3215,481,278),(3216,480,1025),(3217,296,1025),(3218,481,1025),(3219,209,1026),(3220,210,1026),(3221,211,1026),(3222,480,1027),(3223,296,1027),(3224,481,1027),(3225,480,1028),(3226,296,1028),(3227,481,1028),(3228,496,706),(3229,480,474),(3230,296,474),(3231,481,474),(3232,480,535),(3233,296,535),(3234,481,535);
/*!40000 ALTER TABLE `categories` ENABLE KEYS */;
UNLOCK TABLES;

--
-- Table structure for table `categories_names`
--

DROP TABLE IF EXISTS `categories_names`;
/*!40101 SET @saved_cs_client     = @@character_set_client */;
/*!40101 SET character_set_client = utf8 */;
CREATE TABLE `categories_names` (
  `id` int(11) NOT NULL AUTO_INCREMENT,
  `name` varchar(250) NOT NULL,
  PRIMARY KEY (`id`)
) ENGINE=InnoDB AUTO_INCREMENT=590 DEFAULT CHARSET=utf8mb4;
/*!40101 SET character_set_client = @saved_cs_client */;

--
-- Dumping data for table `categories_names`
--

LOCK TABLES `categories_names` WRITE;
/*!40000 ALTER TABLE `categories_names` DISABLE KEYS */;
INSERT INTO `categories_names` VALUES (206,'Clothing, Shoes & Jewelry'),(207,'Costumes & Accessories'),(208,'Kids & Baby'),(209,'Toys & Games'),(210,'Dress Up & Pretend Play'),(211,'Pretend Play'),(212,''),(213,'Books'),(214,'Crafts, Hobbies & Home'),(215,'Crafts & Hobbies'),(216,'Learning & Education'),(217,'Early Development Toys'),(218,'Arts & Crafts'),(219,'Craft Kits'),(220,'Sports & Outdoor Play'),(221,'Bean Bags & Footbags'),(222,'See Top 100 in Toys & Games'),(223,'Preschool'),(224,'Pre-Kindergarten Toys'),(225,'Learning'),(226,'$6.84</span></span>'),(227,'$10.48</span></span>'),(228,'Tools & Home Improvement'),(229,'Hardware'),(230,'Furniture Hardware'),(231,'Home & Kitchen'),(232,'Home Décor'),(233,'Home Décor Accents'),(234,'Arts, Crafts & Sewing'),(235,'Sewing'),(236,'Sewing Project Kits'),(237,'Quilting'),(238,'Storage & Organization'),(239,'Holiday Décor Storage'),(240,'Women'),(241,'Accessories'),(242,'Sports & Outdoors'),(243,'Sports & Fitness'),(244,'Leisure Sports & Game Room'),(245,'Stickers'),(246,'Stuffed Animals & Plush Toys'),(247,'Stuffed Animals & Teddy Bears'),(248,'Artificial Plants & Flowers'),(249,'Area Rugs, Runners & Pads'),(250,'Seasonal Décor'),(251,'Seasonal Lighting'),(252,'Wreaths, Garlands & Swags'),(253,'Beauty & Personal Care'),(254,'Hair Care'),(255,'Hair Accessories'),(256,'Crafting'),(257,'Craft Supplies'),(258,'Sewing Notions & Supplies'),(259,'Scrapbooking & Stamping'),(260,'Scrapbooking Embellishments'),(261,'Trim & Embellishments'),(262,'Baby'),(263,'Baby Girls'),(264,'Health & Household'),(265,'Medical Supplies & Equipment'),(266,'Braces, Splints & Supports'),(267,'Shoes'),(268,'Baby Products'),(269,'Baby Care'),(270,'Pacifiers, Teethers & Teething Relief'),(271,'$7.97</span></span>'),(272,'Health Care'),(273,'Foot Health'),(274,'Clothing'),(275,'$16.98 - $19.98</span></span>'),(276,'Men'),(277,'Exercise & Fitness'),(278,'Gifts'),(279,'Keepsakes'),(280,'Needlework'),(281,'Cross-Stitch'),(282,'Office Products'),(283,'Office & School Supplies'),(284,'Presentation Boards'),(285,'Patio, Lawn & Garden'),(286,'Outdoor Décor'),(287,'Doormats'),(288,'Calendars, Planners & Personal Organizers'),(289,'Mobility & Daily Living Aids'),(290,'Kitchen & Dining'),(291,'Cutlery & Knife Accessories'),(292,'Painting, Drawing & Art Supplies'),(293,'Drawing'),(294,'Needle Felting Supplies'),(295,'Advent Calendars'),(296,'Share'),(297,'Trees'),(298,'Education & Crafts'),(299,'Beading & Jewelry Making'),(300,'Polishing & Buffing'),(301,'Industrial & Scientific'),(302,'Tapes, Adhesives & Sealants'),(303,'Cyanoacrylate Adhesives'),(304,'Window Stickers & Films'),(305,'Ceramics & Pottery'),(306,'Tape, Adhesives & Fasteners'),(307,'Kitchen Utensils & Gadgets'),(308,'Candle Making'),(309,'Small Appliances'),(310,'Paper & Paper Crafts'),(311,'Puzzles'),(312,'Puzzle Accessories'),(313,'Pest Control'),(314,'Traps'),(315,'Electronics'),(316,'Accessories & Supplies'),(317,'Audio & Video Accessories'),(318,'Leathercraft'),(319,'Automotive'),(320,'Car Care'),(321,'Interior Care'),(322,'Writing & Correction Supplies'),(323,'Bakeware'),(324,'Feeding'),(325,'Bibs & Burp Cloths'),(326,'Event & Party Supplies'),(327,'Decorations'),(328,'Party Supplies'),(329,'Exterior Accessories'),(330,'Vinyl Wraps & Accessories'),(331,'Grills & Outdoor Cooking'),(332,'Outdoor Cooking Tools & Accessories'),(333,'Kids\' Furniture, Décor & Storage'),(334,'Toy Chests & Storage'),(335,'Building Toys'),(336,'Stacking Blocks'),(337,'Baby & Toddler Toys'),(338,'FREE Returns\n                    <i class=\"a-icon a-icon-popover\"></i>'),(339,'Nursery'),(340,'Bedding'),(341,'Basic & Life Skills Toys'),(342,'Furniture'),(343,'$5.99</span></span>'),(344,'Art Paper'),(345,'Beading Supplies'),(346,'Baskets, Bins & Containers'),(347,'Diapering'),(348,'Diaper Stackers & Caddies'),(349,'Paper'),(350,'Decorative Pillows, Inserts & Covers'),(351,'Camera & Photo'),(352,'Lighting & Studio'),(353,'Jewelry Casting Supplies'),(354,'Fabric Decorating'),(355,'Fabric Decorating Kits'),(356,'Store Signs & Displays'),(357,'Gardening & Lawn Care'),(358,'Pots, Planters & Container Accessories'),(359,'Tools & Accessories'),(360,'Bags & Cases'),(361,'Shoe, Jewelry & Watch Accessories'),(362,'Jewelry Accessories'),(363,'Computers & Accessories'),(364,'Laptop Accessories'),(365,'Tablet Accessories'),(366,'Plush Figures'),(367,'Costumes'),(368,'Toy Gift Sets'),(369,'Outdoor Recreation'),(370,'Cycling'),(371,'Stick Horses'),(372,'Computer Accessories & Peripherals'),(373,'Luggage & Travel Gear'),(374,'Backpacks'),(375,'Activity & Entertainment'),(376,'these sellers'),(377,'Kids\' Electronics'),(378,'Electronic Learning Toys'),(379,'Stockings & Holders'),(380,'Felt Applique Kits'),(381,'Adhesive Vinyl'),(382,'Vision Care'),(383,'Reading Glasses'),(384,'Video Games'),(385,'PC'),(386,'Medications & Treatments'),(387,'Makeup'),(388,'Eyes'),(389,'Styling Tools & Appliances'),(390,'CDs & Vinyl'),(391,'Children\'s Music'),(392,'Disney'),(393,'Beads & Bead Assortments'),(394,'Education & Teaching'),(395,'Schools & Teaching'),(396,'Novelty & More'),(397,'Home Audio'),(398,'Turntables & Accessories'),(399,'Pet Supplies'),(400,'Small Animals'),(401,'Houses & Habitats'),(402,'RV Parts & Accessories'),(403,'Waste Water & Sanitation'),(404,'Camping & Hiking'),(405,'Household Supplies'),(406,'Household Cleaning'),(407,'Painting Supplies & Wall Treatments'),(408,'Paint Brushes'),(409,'Home Office Furniture'),(410,'Accent Furniture'),(411,'Lab & Scientific Products'),(412,'Lab Chemicals'),(413,'Power & Hand Tools'),(414,'Tool Organizers'),(415,'Favors'),(416,'Kitchen & Table Linens'),(417,'Sports Medicine'),(418,'Décor'),(419,'Science'),(420,'Drawing & Painting Supplies'),(421,'Safety & Security'),(422,'Emergency & Survival Kits'),(423,'Paper & Plastic'),(424,'Labels, Indexes & Stamps'),(425,'Golf'),(426,'Beauty & Fashion'),(427,'Stickers & Sticker Machines'),(428,'Glassware & Labware'),(429,'Dining & Entertaining'),(430,'Forms, Recordkeeping & Money Handling'),(431,'Knitting & Crochet'),(432,'Knitting Kits'),(433,'Lights & Lighting Accessories'),(434,'Accent & Off Road Lighting'),(435,'Briefcases'),(436,'Replacement Parts'),(437,'Body & Trim'),(438,'Clothing & Closet Storage'),(439,'Top Dog Supplies'),(440,'Cats'),(441,'Beds & Furniture'),(442,'$11.07</span></span>'),(443,'Dogs'),(444,'Collars, Harnesses & Leashes'),(445,'Handmade Products'),(446,'See Top 100 in Patio, Lawn & Garden'),(447,'Desk Accessories & Workspace Organizers'),(448,'Solid Feeding'),(449,'Outdoor Rugs'),(450,'Vase Fillers'),(451,'Musical Instruments'),(452,'Instrument Accessories'),(453,'Keyboard Accessories'),(454,'Painting'),(455,'Cleaning Tools'),(456,'Changing Table Pads & Covers'),(457,'Plant Support Structures'),(458,'Flash Player\n            <span class=\"swSprite s_extLink\"></span>'),(459,'Wall Stickers & Murals'),(460,'Novelty & Gag Toys'),(461,'Finger Boards & Finger Bikes'),(462,'Industrial Hardware'),(463,'Hooks'),(464,'Hand Tools'),(465,'Incontinence & Ostomy'),(466,'Boys'),(467,'Needlepoint'),(468,'Drawing & Sketching Tablets'),(469,'Games'),(470,'Travel Games'),(471,'Home Storage Hooks'),(472,'Toys'),(473,'Easels'),(474,'Kids\' Furniture'),(475,'$9.99</span></span>'),(476,'Blankets & Throws'),(477,'Dolls & Accessories'),(478,'Dolls'),(479,'Kids\' Room Décor'),(480,'1) { history.back(); return false; }\">\n                Back to results'),(481,'<i class=\"a-icon a-icon-share-email\"></i>'),(482,'Jigsaw Puzzles'),(483,'<hza:string id=\"softlines_dp_video_flash_player_text\" />\n        <span class=\"swSprite s_extLink\"></span>'),(484,'<img alt=\"\" src=\"https://images-na.ssl-images-amazon.com/images/G/01/x-locale/brands/byline-logo/8084999011._CB294672380_SR120,50_.jpg\" id=\"brand\">'),(485,'Lighting & Ceiling Fans'),(486,'Outdoor Lighting'),(487,'Read the full returns policy'),(488,'Puzzle Play Mats'),(489,'Hobbies'),(490,'Coin Collecting'),(491,'Wall Art'),(492,'Posters & Prints'),(493,'Pegged Puzzles'),(494,'Picture Frames'),(495,'Game Accessories'),(496,'Board Games'),(497,'Skin Care'),(498,'Lip Care'),(499,'Team Sports'),(500,'Fragrance'),(501,'Aromatherapy'),(502,'Floral Arranging'),(503,'Temporary Tattoos'),(504,'Other Sports'),(505,'Motorcycle & Powersports'),(506,'Protective Gear'),(507,'Personal Protective Equipment'),(508,'<img alt=\"\" src=\"https://images-na.ssl-images-amazon.com/images/G/01/x-locale/brands/byline-logo/2600136011._CB308835138_SR120,50_.jpg\" id=\"brand\">'),(509,'Party Hats'),(510,'Swimming'),(511,'Surf, Skate & Street'),(512,'Toy Balls'),(513,'Daystar'),(514,'Dantiya'),(515,'JOSENI'),(516,'Lisianthus'),(517,'Bienvenu'),(518,'Hunting & Fishing'),(519,'Bellady'),(520,'VBIGER'),(521,'Fakeface'),(522,'SIGGI'),(523,'NE Norboe'),(524,'FeiYu Crafts'),(525,'<img alt=\"\" src=\"https://images-na.ssl-images-amazon.com/images/G/01/x-locale/brands/byline-logo/2600587011._CB500534961_SR120,50_.jpg\" id=\"brand\">'),(526,'Winter Sports'),(527,'Hats'),(528,'Itopfox'),(529,'Cell Phones & Accessories'),(530,'Bluetooth Headsets'),(531,'Drums & Percussion'),(532,'Concert Percussion'),(533,'Grocery & Gourmet Food'),(534,'Cooking & Baking'),(535,'Frosting, Icing & Decorations'),(536,'Kids\' Bedding'),(537,'Party Favors'),(538,'Water Sports'),(539,'Coffee, Tea & Espresso'),(540,'Small Appliance Parts & Accessories'),(541,'Coffee & Espresso Machine Parts & Accessories'),(542,'Coffee Machine Accessories'),(543,'See Top 100 in Kitchen & Dining'),(544,'$9.95</span></span>'),(545,'Clay & Dough'),(546,'Safety'),(547,'Gates & Doorways'),(548,'Hats in the Belfry'),(549,'Ferrecci'),(550,'Stacy Adams'),(551,'$7.50 - $122.45</span></span>'),(552,'Finishing'),(553,'Slime & Putty Toys'),(554,'Storage & Furniture'),(555,'Grown-Up Toys'),(556,'Children\'s Books'),(557,'Arts, Music & Photography'),(558,'elope'),(559,'Puppets'),(560,'Finger Puppets'),(561,'Hand Puppets'),(562,'Pets & Animal Care'),(563,'Die-Cutting & Embossing'),(564,'Fabric'),(565,'Mattress Pads & Protectors'),(566,'Food Service Equipment & Supplies'),(567,'Disposables'),(568,'Cookware'),(569,'Home Fragrance'),(570,'Kitchen & Bath Fixtures'),(571,'Bathroom Fixtures'),(572,'Face'),(573,'Boating & Sailing'),(574,'Tools & Equipment'),(575,'Garage & Shop'),(576,'Safes'),(577,'Growing Up & Facts of Life'),(578,'Fan Shop'),(579,'Bags, Packs & Accessories'),(580,'$5.39</span></span>'),(581,'$3.29</span></span>'),(582,'GPS & Navigation'),(583,'GPS System Accessories'),(584,'Juggling Sets'),(585,'LQSmile'),(586,'<div id=\"size_name_0\" data-dp-url=\"/dp/B00P08MPS2/ref=twister_B00P5QHV1K?_encoding=UTF8&amp;psc=1\" class=\"a-section a-spacing-none twisterShelf_swatch\">\n                            <div class=\"a-section a-spacing-none twisterShelf_displaySection\">\n  '),(587,'Ever Fairy'),(588,'Clothing Accessories'),(589,'Belle Beau');
/*!40000 ALTER TABLE `categories_names` ENABLE KEYS */;
UNLOCK TABLES;

--
-- Table structure for table `comments`
--

DROP TABLE IF EXISTS `comments`;
/*!40101 SET @saved_cs_client     = @@character_set_client */;
/*!40101 SET character_set_client = utf8 */;
CREATE TABLE `comments` (
  `id` int(11) NOT NULL AUTO_INCREMENT,
  `items_id` int(11) NOT NULL,
  `title` text,
  `text` text,
  `author` text,
  `rating` int(11) DEFAULT NULL,
  PRIMARY KEY (`id`),
  KEY `artists_id` (`items_id`),
  CONSTRAINT `comments_ibfk_2` FOREIGN KEY (`items_id`) REFERENCES `items` (`id`) ON DELETE CASCADE ON UPDATE CASCADE
) ENGINE=InnoDB DEFAULT CHARSET=utf8mb4;
/*!40101 SET character_set_client = @saved_cs_client */;

--
-- Dumping data for table `comments`
--

LOCK TABLES `comments` WRITE;
/*!40000 ALTER TABLE `comments` DISABLE KEYS */;
/*!40000 ALTER TABLE `comments` ENABLE KEYS */;
UNLOCK TABLES;

--
-- Table structure for table `images`
--

DROP TABLE IF EXISTS `images`;
/*!40101 SET @saved_cs_client     = @@character_set_client */;
/*!40101 SET character_set_client = utf8 */;
CREATE TABLE `images` (
  `id` int(11) NOT NULL AUTO_INCREMENT,
  `artists_id` int(11) NOT NULL,
  `image` text NOT NULL,
  PRIMARY KEY (`id`),
  KEY `artists_id` (`artists_id`),
  CONSTRAINT `images_ibfk_1` FOREIGN KEY (`artists_id`) REFERENCES `items` (`id`) ON DELETE CASCADE
) ENGINE=InnoDB DEFAULT CHARSET=utf8mb4;
/*!40101 SET character_set_client = @saved_cs_client */;

--
-- Dumping data for table `images`
--

LOCK TABLES `images` WRITE;
/*!40000 ALTER TABLE `images` DISABLE KEYS */;
/*!40000 ALTER TABLE `images` ENABLE KEYS */;
UNLOCK TABLES;

--
-- Table structure for table `items`
--

DROP TABLE IF EXISTS `items`;
/*!40101 SET @saved_cs_client     = @@character_set_client */;
/*!40101 SET character_set_client = utf8 */;
CREATE TABLE `items` (
  `id` int(11) NOT NULL AUTO_INCREMENT,
  `name` varchar(250) NOT NULL,
  `author` varchar(250) DEFAULT NULL,
  `image` varchar(250) DEFAULT NULL,
  `am_id` varchar(100) DEFAULT NULL,
  `date_created` timestamp NOT NULL DEFAULT CURRENT_TIMESTAMP,
  PRIMARY KEY (`id`),
  FULLTEXT KEY `name` (`name`)
) ENGINE=InnoDB AUTO_INCREMENT=1029 DEFAULT CHARSET=utf8mb4;
/*!40101 SET character_set_client = @saved_cs_client */;

--
-- Dumping data for table `items`
--

LOCK TABLES `items` WRITE;
/*!40000 ALTER TABLE `items` DISABLE KEYS */;
INSERT INTO `items` VALUES (256,'Century Novelty Children\'s Red Felt Cowboy Hat - Toys & Games',NULL,'ec25bebb0a','B007MS99GO','2018-09-05 19:45:26'),(257,'Refrigerator magnets for kids ZOO - Fridge magnetic set for children',NULL,'76def28f64','B01LZQ16Q9','2018-09-05 19:45:29'),(258,'Childrens Brown Felt Cowboy Hat by Century Novelty by Century Novelty',NULL,'781dfb790b','B007MS996E','2018-09-05 19:45:31'),(259,'Today Is Children\'s Calendar Wall Chart by Alma\'s Design',NULL,'8fb31e590b','B0017S3JXO','2018-09-05 19:45:33'),(260,'12 Easy Patterns for Wonderful Whimsical Dolls',NULL,'cb95401cab','1446305767','2018-09-05 19:45:36'),(261,'My Quiet Book for Toddlers by Pockets of Learning',NULL,'d1839e4eed','B00000J3LL','2018-09-05 19:45:38'),(262,'More Than 18 Food Plushies to Stitch & Stuff - Klutz Sew Mini Treats',NULL,'1d5de2180c','0545906520','2018-09-05 19:45:41'),(263,'ALEX Toys Craft My First Sewing Kit - Toys & Games',NULL,'5e8e741eb2','B000F3V2MW','2018-09-05 19:45:43'),(264,'Educational Insights Shapes Beanbags - Toys & Games',NULL,'79f808aacf','B000MEB5LM','2018-09-05 19:45:45'),(265,'Chair Leg Floor Protectors, WarmHut 16pcs Transparent Clear Silicone Table Furniture Leg Feet Tips Covers Caps, Felt Pads, Prevent Scratches, Wood Floor Protector (Square)',NULL,'4a7d1f2e5f','B01N2A35HE','2018-09-06 10:02:56'),(266,'WarmHut 16pcs Transparent Clear Silicone Table Furniture Leg Feet Tips Covers Caps',NULL,'4a7d1f2e5f','B01N2A35HE','2018-09-06 10:03:40'),(267,'8pcs Christmas Stocking Tree Heart Star Holiday Party Decor',NULL,'8915beca7e','B075193VT4','2018-09-06 10:06:01'),(268,'Bucilla Counted Cross Stitch Ornament Kit - 84293 Tiny Stocking',NULL,'00483995d6','B00114RNVI','2018-09-06 10:06:03'),(269,'flic-flac 44PCS 4 x 4 inches (10 x10cm) Assorted Color Felt Fabric Sheets Patchwork Sewing DIY Craft 1mm Thick',NULL,'5a363b387c','B01GCRXBVE','2018-09-06 10:06:06'),(270,'Zippered Closure with Two Handles. Attractive Storage Box Keeps Holiday Decorations Clean and Dry for Next Season.',NULL,'153177c7aa','B01A1B5ZO8','2018-09-06 10:06:08'),(271,'Home Ornaments Holiday Decoration Table Decor - Scandinavian Gnome Plush Birthday Present',NULL,'8644d5d7b4','B01MCT75MW','2018-09-06 10:06:10'),(272,'Felt Insert Bag Organizer Bag In Bag For Handbag Purse Organizer',NULL,'026525b997','B0711GSJ6J','2018-09-06 10:06:18'),(273,'The Man Who Brought Down The White House - Mark Felt',NULL,'d41d8cd98f','B076ZXHJKJ','2018-09-06 10:06:19'),(274,'8 or 9 Foot Table Choose From English Green - Light Gray',NULL,'3b9f3fe863','B01DLIP5PC','2018-09-06 10:06:21'),(275,'Create 16 Irresistible Creatures with Simple Needle-Felting Techniques',NULL,'79b3747b60','0823015041','2018-09-06 10:06:24'),(276,'Pearhead First Year Monthly Milestone Felt Animal Photo Sharing Baby Belly Stickers',NULL,'b20278296b','B00XJSTKR4','2018-09-06 10:06:26'),(277,'A Grayscale Adult Coloring Book of Flowers - Plants & Landscapes',NULL,'251fcdf9ed','0994862326','2018-09-06 10:06:30'),(278,'Five (5) Stuffed Forest Animals - Plush Treehouse with Animals',NULL,'076a95d836','B002M5JI0E','2018-09-06 10:06:32'),(279,'Bassion 210 Pcs Assorted Mixed Fall Colored Artificial Maple Leaves for Weddings',NULL,'20ea4110e3','B015C4YD2Y','2018-09-06 10:06:34'),(280,'X-Protector Rug Grippers Best 8 pcs Anti Curling Rug Gripper. Keeps Your Rug in Place & Makes Corners Flat. Premium Carpet Gripper with Renewable Gripper Tape &ndash;Ideal Anti Slip Rug Pad for Your Rugs',NULL,'f38577ae29','B0759XDWMC','2018-09-06 10:06:36'),(281,'Garland Lights with Remote for Wedding - OrgMemory Copper LED Fairy Lights',NULL,'62103595d4','B017LMG9CM','2018-09-06 10:06:42'),(282,'SAMYO Fake Fruit Home House Kitchen Party Decoration Artificial Lifelike Simulation Yellow Lemon 10pcs Set',NULL,'f617312253','B01CQNXPPU','2018-09-06 10:06:44'),(283,'Meiliy 2 Pack 7.9 FT Fake Sunflower Flower Vine Gerbera Daisy Flowers Plants Artificial Flower Home Hotel Office Wedding Party Garden Craft Art Decor ML-020',NULL,'638a793198','B01G9ZFLXK','2018-09-06 10:06:51'),(284,'Christmas Decor Lighted Fall Garland | 8.2 Feet | 20 Lights (3PCS)',NULL,'c8c273e0b9','B01MPZBHXJ','2018-09-06 10:06:54'),(285,'Candygirl Girls\' DIY Satin Covered Headbands 1cm Width 36cm Circle Size(26pcs Per Pack Each Color 1pcs)',NULL,'4842079749','B00WQRS7R8','2018-09-06 10:06:56'),(286,'Acerich 2000 Pcs 1cm Assorted Pompoms Multicolor Arts and Crafts Fuzzy Pom Poms Balls for DIY Creative Crafts Decorations',NULL,'da0d0a1007','B0773MQY4H','2018-09-06 10:06:58'),(287,'Mybecca Upholstery Foam Cushion High Density (Seat Replacement',NULL,'964178b139','B01N52ZK3H','2018-09-06 10:07:00'),(288,'JLIKA 50 pieces Shabby Flowers - Solids and Prints Included',NULL,'6c797ad0f3','B014K5YJ1Q','2018-09-06 10:07:05'),(289,'Chenkou Craft Mix Bulk 50pcs Ribbon Flowers Bows Craft Wedding Ornament Appliques A0241',NULL,'cd2542fb97','B017A204GA','2018-09-06 10:07:08'),(290,'QingHan 16Pcs 4.5\" DIY Hair Flower Clips Single Pronged Chiffon Fabric Felt Wedding Boutique Hair Bows For Girls Women Teens',NULL,'245cfe4219','B00PACGKGQ','2018-09-06 10:07:10'),(291,'California Tot Soft & Stretchy Headbands for Baby - Mixed Set of 4 (Shabby Chic)',NULL,'027f9dca06','B0768TXL2P','2018-09-06 10:07:13'),(292,'Best Support Zipper Stocking for Varicose Veins - Swollen or Sore Legs',NULL,'3cedd58d49','B01M1BBYFF','2018-09-06 10:07:17'),(293,'Amazon.com | Haflinger Women\'s ASP Slipper | Slippers',NULL,'36f6a5b00d','B003ICW3IE','2018-09-06 10:07:20'),(294,'Amazon.com | Acorn Women\'s Dara Slipper - Medium/6.5-7.5 M US | Slippers',NULL,'292e86d9c1','B01BX5VROI','2018-09-06 10:07:22'),(295,'Amazon.com | Haflinger Women\'s AR Coffee Slipper | Slippers',NULL,'e5c985641e','B00ENTH3JU','2018-09-06 10:07:24'),(296,'Prince Lionheart Ever-Fresh Replacement Pillows for Ultimate Wipes Warmer',NULL,'6211a3b91e','B000K50780','2018-09-06 10:07:27'),(297,'Amazon.com | Acorn Women\'s Dara Slipper - Small/5-6 M US | Slippers',NULL,'a52b98ca25','B019QRSUO0','2018-09-06 10:07:31'),(298,'Professional 2-Way Premium Shoe Stretcher Trees Plastic Adjustable Length&Width',NULL,'c1ccdf6c51','B01NAKQEBL','2018-09-06 10:07:33'),(299,'Amazon.com | Acorn Women\'s Forest Mule Slipper | Slippers',NULL,'fad71f22f0','B00I0WSD04','2018-09-06 10:07:35'),(300,'Amazon.com | WARMIE Australian Sheepskin Super Thick Premium Warm Shoe Insoles For Winter | Durable & Extra Fluffy | Shoes',NULL,'313a1b6e6b','B01N55R26O','2018-09-06 10:07:40'),(301,'Sof Sole Insoles Men\'s High Arch Performance Full-Length Foam Shoe Insert',NULL,'a91871583d','B000LRFAYI','2018-09-06 10:07:43'),(302,'Copper Fit Unisex Copper Infused No Show Socks - 3 Pack',NULL,'d72f1df942','B01BJNSRE2','2018-09-06 10:07:45'),(303,'Amazon.com | FitFlop Women\'s The Cuddler Slippers - 5 M US | Slippers',NULL,'5562efe952','B00BQZH2D6','2018-09-06 10:07:48'),(304,'Amazon.com | Cushe Women\'s II Slipper | Slippers',NULL,'229de86988','B00E1JNJZ4','2018-09-06 10:07:51'),(305,'ABUSA Genuine Sheepskin Insoles Men\'s & Women\'s Premium Thick Wool Fur Fleece Inserts Cozy & Fluffy',NULL,'beaeebaa14','B017SJ6OKK','2018-09-06 10:07:56'),(306,'Amazon.com | Acorn Women\'s Talara Mule Slipper | Mules & Clogs',NULL,'7904695364','B01MZ8I6VT','2018-09-06 10:07:58'),(307,'Amazon.com | Haflinger Unisex GZL Clog | Mules & Clogs',NULL,'3e62cfb51f','B001C16OIS','2018-09-06 10:08:00'),(308,'Amazon.com | Haflinger Women\'s AR Jack Flat | Shoes',NULL,'c5741a13de','B00BSCJLOK','2018-09-06 10:08:02'),(309,'Amazon.com | Barerun Barefoot Quick-Dry Water Sports Shoes Aqua Socks for Swim Beach Pool Surf Yoga for Women Men | Water Shoes',NULL,'05cd9cfcd7','B0753FPCZC','2018-09-06 10:08:04'),(310,'Amazon.com | Haflinger Women\'s As Classic Slipper | Slippers',NULL,'d19f814e02','B0042LDJSS','2018-09-06 10:08:09'),(311,'Amazon.com | Acorn Women\'s Forest Mule - Large (8-9 M US) | Slippers',NULL,'fad71f22f0','B00I0WSBZG','2018-09-06 10:08:12'),(312,'Buttons & Pleats Premium Merino Wool Hiking Socks Outdoor Trail Crew Socks 3 Pairs',NULL,'d81b396264','B01I830G2M','2018-09-06 10:08:15'),(313,'Amazon.com | Acorn Women\'s Dara Mule Slipper | Slippers',NULL,'292e86d9c1','B01BX5VPTU','2018-09-06 10:08:17'),(314,'Amazon.com | Acorn Women\'s Dara Slipper - X-Large/9.5-10.5 M US | Slippers',NULL,'292e86d9c1','B01BX5VV58','2018-09-06 10:08:22'),(315,'Amazon.com | Birkenstock Amsterdam Clog | Mules & Clogs',NULL,'2d0f33a66e','B003AVMK7C','2018-09-06 10:08:25'),(316,'Amazon.com | Crocs Unisex Classic Slipper | Mules & Clogs',NULL,'87477616a3','B01A6LX7AC','2018-09-06 10:08:27'),(317,'Clubbed Claw and Mallet Toe Curling Relief - Corrector and Straightener for Curled',NULL,'f3d3b27207','B00SX9T4QG','2018-09-06 10:08:29'),(318,'Amazon.com | Haflinger GZ10 Navy Ladies Clogs | Mules & Clogs',NULL,'4b477bec0c','B000W4KG9Y','2018-09-06 10:08:32'),(319,'Calf Stretcher for Achilles Tendinitis - Plantar Fasciitis Pain Relief',NULL,'68a7ad52fa','B015D9VG14','2018-09-06 10:08:34'),(320,'4 RIBBONS & LETTERS! Baby Handprint Kit and Footprint Kit',NULL,'916bea42cd','B01MT3O4IU','2018-09-06 10:08:43'),(321,'Janlynn Counted Cross Stitch Kit, Owl Ornaments',NULL,'9888c36bbb','B00BDV6JVY','2018-09-06 10:08:48'),(322,'TWO Changeable Letter Boards Including Mini Message Board',NULL,'63a50bf70b','B0792JR2PL','2018-09-06 10:08:50'),(323,'8-pack Washable Dot Markers / Bingo Daubers Dabbers Dauber Dawgs Kids / Toddlers / Preschool / Children Art Supply 3 Pdf Coloring eBooks = 100 Activity Sheets To Do!',NULL,'1c2528e175','B01ADUE85O','2018-09-06 10:08:53'),(324,'HANKEY Luxury Multipurpose Bamboo Bath Mat For Shower Spa Sauna with Non Slip Feet | Indoor Outdoor Use for Kitchen Bedroom Bathroom Toilet Doormat Pet Mat | 60 x 40 cm (23.6 x 16)',NULL,'34e842ec17','B01F3HEJUQ','2018-09-06 10:08:55'),(325,'Felt Letter Sign Board 10 x 10 inches with Wooden Tripod Stand Classy Gray Felt 340 Changeable White Plastic Letters Gift Box Packaging Oak Frame Wall Mount Hanger Drawstring Storage Bag Perfect Gift',NULL,'bde53aa6dd','B076Q896TZ','2018-09-06 10:08:57'),(326,'Learning Resources Magnetic Learning Calendar - Toys & Games',NULL,'d795a79616','B00000IVNF','2018-09-06 10:09:00'),(327,'Wheelchair Transfer Board - DMI Transfer Slide Board',NULL,'7bd030fbb9','B000SOLBOM','2018-09-06 10:09:02'),(328,'VIZ-PRO Notice Board Felt Blue - Silver Aluminium Frame',NULL,'e35e8cec0e','B00XIXI2EM','2018-09-06 10:09:04'),(329,'Camco Hardwood Cutting Board and Stove Topper With Non-Skid Backing',NULL,'177f4db263','B000EDOT8C','2018-09-06 10:09:07'),(330,'Exercise Balance Stability Trainer 15.75 inch Diameter',NULL,'8443639d9c','B00WJJJX2Q','2018-09-06 10:09:09'),(331,'Universal Bullet Point Tips for Fine and Bullet Lines',NULL,'0aeddfa66f','B01HSS5FTW','2018-09-06 10:09:12'),(332,'Beacon Adhesives FG4OZBOT12 Felt Glue, 4-Ounce',NULL,'d157831575','B002PNNO7G','2018-09-06 10:09:16'),(333,'Mohawk Home Dual Surface Felt and Latex Non Slip Rug Pad',NULL,'2e9b7511af','B007T58QPU','2018-09-06 10:09:19'),(334,'Adds Cushioning and Floor Protection - Safe for Hardwood and All Surfaces',NULL,'f03e701da2','B005Q837OM','2018-09-06 10:09:22'),(335,'Self-Stick Heavy Duty Felt Strip Roll for Hard Surfaces (1/2\" x 60\")',NULL,'aa8c4674b6','B000SL29KU','2018-09-06 10:09:29'),(336,'Maggift 5-7/8\" X 8-1/2\" X 3/16\" Thick Heavy Duty Felt Sheets',NULL,'c4c05fa436','B001SBHDIC','2018-09-06 10:09:34'),(337,'Superior Lock- Premium Non Slip Rug Padding for Hardwood Floors',NULL,'f2f05053f1','B01HN8MWVG','2018-09-06 10:09:37'),(338,'Clover 507079 Pen Style Needle Felting Tool- - Arts',NULL,'f6ac8e7b38','B00172TD5S','2018-09-06 10:09:42'),(339,'Traditional Projects Inspired by 19th-Century American Life',NULL,'0f6b180990','160705969X','2018-09-06 10:09:51'),(340,'Melissa & Doug Countdown to Christmas Wooden Advent Calendar',NULL,'b14690fa26','B00EXYG7FG','2018-09-06 10:09:56'),(341,'Melissa & Doug Mess-Free Glitter Christmas Ornaments',NULL,'0695ba71ae','B012TKM754','2018-09-06 10:10:03'),(342,'Frosty Snowman Top Hat Christmas Tree Topper Decor Holiday Winter Wonderland Decoration by KNL Store',NULL,'b9cbfa66f9','B01N8X3X9N','2018-09-06 10:10:06'),(343,'Collections Etc Christmas Snowman Top of the Tree Hugger',NULL,'126c2f2694','B00O2OL66W','2018-09-06 10:10:08'),(344,'ProductWorks 24-inch Peanuts Charlie Brown Musical Christmas Tree with Linus Blanket',NULL,'9e53eb44c4','B01E7AIN2A','2018-09-06 10:10:11'),(345,'Lightshare Lighted Palm Tree - Small - Garden & Outdoor',NULL,'848d3acf82','B01E082CN0','2018-09-06 10:10:14'),(346,'Vickerman 6\' Unlit Natural Alpine Christmas Tree - Home & Kitchen',NULL,'54652e4e09','B00LSQEBLY','2018-09-06 10:10:16'),(347,'10CM Wide(Approx 4\") 1 Meter Long Self Adhestive Hook and Loop Strips Set with Super Sticky Glue Nylon Fabric Fastener Black',NULL,'ca786f8e33','B01AI28QFU','2018-09-06 10:10:19'),(348,'Each with 200 (.375 Inch) Removable Adhesive Dots',NULL,'86543683e2','B008YAI4DI','2018-09-06 10:10:22'),(349,'Aleene\'s 28069 Tacky Glue Fast Dring Glue Pen',NULL,'9a74389835','B006GN4042','2018-09-06 10:10:24'),(350,'Woodstock D2902 1-Pound Extra Fine Buffing Compound',NULL,'6e7fb394c5','B0000DD35C','2018-09-06 10:10:27'),(351,'Gorilla 7500101 Super Glue Brush & Nozzle',NULL,'10c7ee35e9','B01A7AVQKA','2018-09-06 10:10:30'),(352,'35.6by78.7 Inch Window Film Frosted Window Film Privacy Window Film Decorative Window Film Static Cling Window Film Suitable for All Kinds of Smooth Glass Surface',NULL,'273ceb5080','B01EJG55KK','2018-09-06 10:10:32'),(353,'First-aid for Sofas Car Seats - Plain 8-inch by 11-inch',NULL,'136f64c454','B01H64JQ5M','2018-09-06 10:10:34'),(354,'Trademark Poker Raffle Drum - Sports & Outdoors',NULL,'0cfb3d66a5','B0014B5T9G','2018-09-06 10:10:36'),(355,'Daiso Japan Soft Clay (White) E008-No.7',NULL,'8735b8ec40','B06WVD2ZF4','2018-09-06 10:10:39'),(356,'Coavas Window Film Non Adhesive Frosted Home Office Film Privacy Window Sticker Self Static Cling Vinly Glass Film for Bathroom Office Meeting Room Living Room (Matte White 17.7by78.7 Inch)',NULL,'bd3dafb0b2','B00XHXU7PU','2018-09-06 10:10:41'),(357,'Aleene\'s 17843 Quick Dry Tacky Glue 8oz',NULL,'9c1754060c','B001145496','2018-09-06 10:10:44'),(358,'XFasten Acrylic Mounting Tape Removable - 1-Inch x 450-Inch',NULL,'e2baa57872','B01AOFK85C','2018-09-06 10:10:47'),(359,'Acerich 200 Pcs Craft Sticks Ice Cream Sticks Wooden Popsicle Sticks 4-1/2\" Length Treat Sticks Ice Pop Sticks',NULL,'849971f787','B01ECBIQAI','2018-09-06 10:10:49'),(360,'Low Smoke 6\" Pre-Waxed & 100% Natural Cotton Core',NULL,'c580611e75','B015W8DWUO','2018-09-06 10:10:52'),(361,'Nostalgia ICMP400WD 4-Quart Electric Wood Bucket Ice Cream Maker',NULL,'96f231fc7e','B00C5ZK93G','2018-09-06 10:10:55'),(362,'Transfer Paper Tape Roll 12\"x25 FT CLEAR w/Blue Alignment Grid | 8 BONUS FT | Perfect for Cricut Cameo Self Adhesive Vinyl for Signs Stickers Decals Walls Doors & Windows',NULL,'97f64a9523','B01FWATE3Q','2018-09-06 10:10:57'),(363,'Bostitch EZ Squeeze 40 Sheet 3-Hole Punch (HP40)',NULL,'1e05849c26','B00UCBJIG4','2018-09-06 10:10:59'),(364,'Aleene\'s Fabric Fusion Permanent Fabric Adhesive 4oz',NULL,'f41aad6771','B00178QSE6','2018-09-06 10:11:01'),(365,'The Original and Still the Best Way to Preserve Your Finished Puzzle!',NULL,'b678da2991','B00E67F3WI','2018-09-06 10:11:04'),(366,'Better Safer Than Glue & Poison - Rodent Traps Mouse Control',NULL,'19c09bd15c','B06W51T5GV','2018-09-06 10:11:09'),(367,'Vinyl Record Cleaner | LP Deep Cleaning Roller - No Sprays Or Cloths Required',NULL,'72228d6935','B071Z2GZ5N','2018-09-06 10:11:11'),(368,'Pleather |No Heat Required | Repair & Restore - Shoes | Genuine',NULL,'ebd9850b7e','B01AVVUHQO','2018-09-06 10:11:13'),(369,'Restore any Material',NULL,'bc887e194f','B0721G1HBL','2018-09-06 10:11:17'),(370,'bofeifs Decorative Privacy Window Film Frosted Window Film Stained Glass Window Film Window Clings No-Glue Self Static Cling for Home Bedroom Bathroom Kitchen Office 17.7 by 78.7 inches',NULL,'db41b8a1ec','B011NOIIJG','2018-09-06 10:11:19'),(371,'Therm O Web 3346 Peel\'n Stick Fabric Fuse Tape-5/8 X20 Feet',NULL,'dda585f7dd','B0018BVNIS','2018-09-06 10:11:21'),(372,'Tomcat Press \'N Set Mouse Trap - 2-Pack - Garden & Outdoor',NULL,'f031ca7e18','B00N6XKVNY','2018-09-06 10:11:23'),(373,'Vkey 500pcs (250 Pair Sets) 3/4\" Diameter Sticky Back Coins Self Adhesive Dots Tapes White Compatible with Hook Loop-Delivery By FBA',NULL,'902ab91507','B017JUCQZ0','2018-09-06 10:11:25'),(374,'Pilot Razor Point II Marker Stick Pens - Dozen Box (11009)',NULL,'8de223f354','B0006HUGQU','2018-09-06 10:11:28'),(375,'Norwood Commercial Furniture NOR-AUH1200AC-SO Plastic Stack Stools 12\" Height (Pack of 5)',NULL,'8a85761c38','B01EVPHICC','2018-09-06 10:11:30'),(376,'Amazon.com: Aleene\'s No-Sew fabric Glue 4oz',NULL,'f95cfb62d1','B00114RF8O','2018-09-06 10:11:33'),(377,'HeatnBond UltraHold Iron-On Adhesive Value Pack - 17 Inches x 5 Yards',NULL,'4c40ae7511','B000XAMYXI','2018-09-06 10:11:35'),(378,'BEST for Scrapbooking Paper',NULL,'a952ed6242','B00R1VBEH4','2018-09-06 10:11:38'),(379,'Size 8\' x 10 Hardwood Floors & Hard Surfaces - Top Gripper Adds Cushion Maximum Protection',NULL,'4219ed4dba','B01HC2JI4M','2018-09-06 10:11:40'),(380,'HABA Biofino Soft Petit Fours Set of 9 Plush Desserts',NULL,'5f5f607300','B000YEPPF2','2018-09-06 10:11:42'),(381,'Learning Resources New Sprouts Bake It!, 15 Pieces',NULL,'ca1d7bd122','B00GFWJGS4','2018-09-06 10:11:45'),(382,'Learning Resources New Sprouts Serve It! Dish Set - 24 Pieces',NULL,'91f4003f04','B006RQ8TVI','2018-09-06 10:11:47'),(383,'Melissa & Doug Felt Food Sandwich Play Food Set (33 pcs)',NULL,'3928f048d5','B004C7S70W','2018-09-06 10:11:50'),(384,'CatchStar Play Food for Kids Kitchen Durable Pretend Set Variety Accessories Plastic Gift Toys for Toddlers (120 Piece)',NULL,'e019295aa6','B072MMM7BQ','2018-09-06 10:11:52'),(385,'Mommy Please Play Set for Kids-Huge 202 Piece Pretend Food Toys Is Perfect Kitchen Toys-Inspire Your Toddlers Imagination + 4 Bonus Water Bottles',NULL,'a2e90f5a5d','B01MQ2N5R2','2018-09-06 10:11:54'),(386,'Magnetic Tiles Building Blocks Set by idoot Educational Toys for Kids with Storage Bag',NULL,'37bf790a5e','B0713SFHKN','2018-09-06 10:11:56'),(387,'Learning Resources Garden Fresh Salad Set - 38 Pieces',NULL,'7755d2647a','B00GG0RLSM','2018-09-06 10:11:59'),(388,'Kitchen Toy Food Fun Cutting Fruits and Veggies with Pizza Playset for Kids',NULL,'3b7ddd1005','B01NADTVQO','2018-09-06 10:12:01'),(389,'Melissa & Doug Wooden Sandwich-Making Set - Melissa & Doug',NULL,'fe905b9960','B00006JZCS','2018-09-06 10:12:04'),(390,'Mommy Please Set for Kids & Toy Food for Pretend Play-Huge 125 Piece Kitchen Childrens Educational Toys for Toddlers Inspires Imagination-Fake Plastic Cooking',NULL,'49102ff19d','B01COI9EAC','2018-09-06 10:12:06'),(391,'Melissa & Doug Condiments Set (6 pcs) - Play Food - Stainless Steel Caddy',NULL,'235ed50de4','B011PZUPYO','2018-09-06 10:12:08'),(392,'Learning Resources New Sprouts Fresh Fruit Salad Set',NULL,'1c26186256','B00T3G1TUC','2018-09-06 10:12:13'),(393,'Learning Resources New Sprouts Deluxe Market Set - Toys & Games',NULL,'8dbe0d5c82','B00B2B0I62','2018-09-06 10:12:16'),(394,'Learning Resources New Sprouts Grill It! - 22 Pieces',NULL,'f12a17719c','B00GFZVCQU','2018-09-06 10:12:19'),(395,'Baby Shape And Color Recognition Toys - Duktig 14-piece Vegetables Set',NULL,'4bed99177a','B005GBE6PS','2018-09-06 10:12:24'),(396,'Learning Resources New Sprouts Healthy Dinner - Toys & Games',NULL,'1c6bd7ac87','B00I0CEKOM','2018-09-06 10:12:31'),(397,'Learning Resources New Sprouts Camp Out! - 11 Pieces',NULL,'d603bc04d8','B00T83WRK6','2018-09-06 10:12:33'),(398,'Learning Resources New Sprouts Waffle Time - Toys & Games',NULL,'87c92ee2fd','B00OZVG6XA','2018-09-06 10:12:36'),(399,'Learning Resources New Sprouts Bushel of Fruit - Toys & Games',NULL,'cec6572019','B00ATWUE4G','2018-09-06 10:12:39'),(400,'Learning Resources New Sprouts Healthy Snack Set - Toys & Games',NULL,'c43775a8d3','B00I0CEMLI','2018-09-06 10:12:42'),(401,'Learning Resources New Sprouts Complete Play Food Set',NULL,'c194de316e','B00Y90JGGG','2018-09-06 10:12:44'),(402,'Melissa & Doug Let\'s Play House! Grocery Cans Play Food Kitchen Accessory',NULL,'49ebbf899b','B007EA6PKS','2018-09-06 10:12:46'),(403,'Learning Resources New Sprouts Dinner Foods Basket',NULL,'6e735c0bfa','B00B2B051A','2018-09-06 10:12:49'),(404,'Learning Resources Farmer\'s Market Color Sorting Set',NULL,'cf64f656ba','B006RQ8TY0','2018-09-06 10:12:52'),(405,'Melissa & Doug Fridge Groceries Play Food Cartons (8 pcs)',NULL,'c47360a03f','B00H4SKSPS','2018-09-06 10:12:54'),(406,'Learning Resources New Sprouts Healthy Foods Basket Bundle',NULL,'e01833347d','B00I0CELQ4','2018-09-06 10:12:57'),(407,'Learning Resources New Sprouts Breakfast Foods Basket',NULL,'7e85afbee9','B00B2AZDIG','2018-09-06 10:13:00'),(408,'Learning Resources Pretend and Play Bakery Set - Toys & Games',NULL,'ecb9ca75a9','B001PNG8SY','2018-09-06 10:13:27'),(409,'Adovely 10 Pack White Baby Bandana Drool Bibs - Organic Cotton',NULL,'443544a79a','B01KIHOTJC','2018-09-06 10:13:36'),(410,'Duovlo Fake Flowers Vintage Artificial Peony Silk Flowers Wedding Home Decoration',NULL,'ab87d309af','B01KE5M36O','2018-09-06 10:14:00'),(411,'ThxToms [15 Pcs] Burlap Banner - DIY Party Decor for Birthday',NULL,'d8b38a4a10','B01GRSLA4I','2018-09-06 10:14:02'),(412,'Harry Potter Hogwart\'s Printed Wall Banner - Toys & Games',NULL,'8af7e69410','B000U0CP44','2018-09-06 10:14:08'),(413,'VViViD Air-Tint Extra-Wide Headlight Taillight Vinyl Tint Wrap 16\" x 48\" Roll Including 3M Blue Squeegee & 2x Black Felt Edge Decals (Green)',NULL,'59a2e717ba','B01KGKIG6I','2018-09-06 10:14:13'),(414,'Gold Standard High Heat Gasket with Adhesive for Large Big Green Egg with Kevlar and Nomex',NULL,'8c19892bdb','B004MNW1TE','2018-09-06 10:14:14'),(415,'Available in 2 Sizes and 5 Patterns (38\" - Pink Stripe)',NULL,'fc15e7b56a','B073WFS69L','2018-09-06 10:14:21'),(416,'Jasonwell 133 Pieces Creative Magnetic Building Blocks Boys Girls Magnetic Tiles Building Set Preschool Educational Construction Kit Magnet Stacking Toys Kids Toddlers Children',NULL,'34924d9be2','B075NZS1LJ','2018-09-06 10:14:23'),(417,'Bright Starts Baby Toy, Hide \'n Spin Monkey',NULL,'2843d710d0','B00JFUN77E','2018-09-06 10:14:25'),(418,'Craftster\'s Sewing Kits Woodland Animals Craft Educational Sewing Kit for 7 to 12 Age Kids',NULL,'e4fc558f2e','B00ZSE93LA','2018-09-06 10:14:27'),(419,'Hudson Baby Printed Mink with Sherpa Backing - Woodland Creatures',NULL,'89b4180e3b','B01M4LFDC2','2018-09-06 10:14:29'),(420,'Melissa & Doug My First Paint With Water Coloring Book',NULL,'96de37ce30','B00V9P2LRA','2018-09-06 10:14:35'),(421,'Skoolzy Rainbow Counting Bears with Matching Sorting Cups',NULL,'b0e184db70','B01DFRDDTY','2018-09-06 10:14:37'),(422,'Hudson Baby Plush Blanket & Security Blanket - Nautical Whale',NULL,'85063e6326','B01M5DM815','2018-09-06 10:14:39'),(423,'Jacone Stylish Tree Stump Shape Design Storage Basket Cotton Fabric Washable Cylindric Laundry Hamper with Rope Handles',NULL,'ab07310c36','B01M6DVUMJ','2018-09-06 10:14:41'),(424,'Galt Playnest Farm Covered Inflatable Ring - Toys & Games',NULL,'df5c61a57e','B00AN1KU1K','2018-09-06 10:14:43'),(425,'Land & Sea. Coloring books for adults relaxation - Three Books! Designs From The Sky',NULL,'a00784bb50','B01MXNA1AU','2018-09-06 10:14:50'),(426,'Legendary Whitetails Mossy Oak Camo Wild Deer Plush Camo One Size',NULL,'ab5dafaa80','B00C9KUHAW','2018-09-06 10:14:52'),(427,'Perler 22662 Beads Fun Fusion Idea Book - Arts - Crafts & Sewing',NULL,'947e994907','B004EHYGT6','2018-09-06 10:14:55'),(428,'TheWarmHome Decorative Basket Rectangular Fabric Storage Bin Organizer Basket with Handles for Clothes Storage (Grey Patchwork',NULL,'633671eb10','B01HPKJBKC','2018-09-06 10:14:57'),(429,'Baby Shower Gift Basket for Boys Girls | Diaper Tote Bag | Nursery Storage Bin for Changing Table | Newborn Registry Must Haves | Portable Car Travel Organizer (Blue)',NULL,'bb9dc182f5','B0755SPXB5','2018-09-06 10:14:59'),(430,'Color Selected For You (06190) - Five Star Spiral Notebook',NULL,'4eaee29098','B004DRDAVW','2018-09-06 10:15:02'),(431,'Ultra Fine Point Ink Pens Black Archival Ink Assorted Felt Tip',NULL,'eb60902b96','B01L1DK5G8','2018-09-06 10:15:04'),(432,'Sargent Art 22-1581 50-Count Fine Tip Washable Marker Packs',NULL,'df906faa3d','B0027PA1GO','2018-09-06 10:15:07'),(433,'JWH Handmade Flowers Accent Pillows Round Sunflower Cushion Decorative Pillowcases with Insert Home Sofa Bed Living Room Decor Gifts 12 Inch / 30 cm Cotton Suede Pink',NULL,'f6a4b5823f','B0759B7SRP','2018-09-06 10:15:09'),(434,'Golden State Art Pack of 50 8x10 WHITE Picture Mats Mattes with White Core Bevel Cut for 5x7 Photo + Backing + Bags',NULL,'9e1f133278','B00B4I46OS','2018-09-06 10:15:12'),(435,'Fineliner Felt Tip Water Color Drawing Paintbrush Highlighters',NULL,'eec25b96f1','B07CVG3CJJ','2018-09-06 10:15:16'),(436,'Brush Tip with Fineliner 0.4 Markers Pen Set for Adult coloring books Bullet Journal',NULL,'925c2a22b0','B01NBK7AWX','2018-09-06 10:15:18'),(437,'Spiral Silicone Tightener Set with Polishing Cloth',NULL,'217a77cb86','B0757JLTY7','2018-09-06 10:15:20'),(438,'Faber Castel Pitt Artists Pens for Art and Graphics',NULL,'5917a5d3af','B000TKEZDO','2018-09-06 10:15:28'),(439,'Fine Point Pens Fine Tip Drawing Pens Colorful Markers for Journaling Writing Note Taking Calendar Art Coloring (36 Colors)',NULL,'54ac23e17f','B07B7H795Y','2018-09-06 10:15:30'),(440,'Collapsible Storage Cube for Nursery Home and Office',NULL,'512ab1670b','B074KRV5YK','2018-09-06 10:15:33'),(441,'Fabric Markers Pens Permanent 24 COLORS fabric paint Art Markers SET Child safe & non-toxic. Graffiti Fine Tip MINIMAL BLEED By Crafts 4 ALL',NULL,'011dad800c','B01JM2QPL4','2018-09-06 10:15:35'),(442,'WE Games Old World Wooden Treasure Box with Brass Latch (Black Stained)',NULL,'28a85e9e1c','B00CTUX8Y4','2018-09-06 10:15:47'),(443,'WE Games Old World Wooden Treasure Box with Brass Latch (Redwood Finish)',NULL,'0ddb6e3f1c','B002R3ZKLC','2018-09-06 10:15:52'),(444,'Changeable Letter Boards Include 340 White Plastic Letters & Oak Frame',NULL,'0a42861219','B06XDXL9VC','2018-09-06 10:15:54'),(445,'Felt Insert Bag Organizer Bag In Bag For Handbag Purse Organizer Fits Speedy Neverfull',NULL,'747e6db468','B074YFTGN5','2018-09-06 10:15:56'),(446,'GardenMate 5-Pack 5 Gallons Planting Grow Bags Made Of Growth Friendly Felt BLACKLINE',NULL,'0dc69ac53b','B073NJSZN4','2018-09-06 10:15:58'),(447,'the DOPP KIT | Waxed Cotton Canvas shave and toiletries bag with leather handle by Fat Felt',NULL,'1d31b22037','B01AIRIORA','2018-09-06 10:16:01'),(448,'Black Velvet Cloth Jewelry Pouches / Drawstring Bags 3',NULL,'e591854b15','B0042G2IHG','2018-09-06 10:16:05'),(449,'MoKo 13.5-Inch Sleeve Bag for Surface Book 2 2017 13.5\" / Surface Book (2016 & 2015)',NULL,'887552dfde','B01EHSM1JI','2018-09-06 10:16:06'),(450,'6 Pouches Black Velvet Drawstring Jewelry Bags 5\"',NULL,'808ede9185','B000OVJXPS','2018-09-06 10:16:09'),(451,'Compatible with MacBook Air 13.3 | MacBook Pro Retina 13\" 2012-2015 | 12.9\" iPad Pro',NULL,'7c8fe9b240','B01HCV22IM','2018-09-06 10:16:11'),(452,'Bag Insert In Bag with Zipper Inner Pocket Blue M',NULL,'99f757697f','B074YH9SFR','2018-09-06 10:16:14'),(453,'Multi Pocket Bag in Bag Organizer For Tote & Handbag Shaper',NULL,'cbb51f207f','B0748J5WHK','2018-09-06 10:16:17'),(454,'LEXSION Felt Insert Bag Organizer Bag In Bag For Handbag Purse Organizer Fits Speedy Neverfull',NULL,'8db93df11f','B073FF83D5','2018-09-06 10:16:19'),(455,'Medium Large Extra Large at Amazon Women’s Clothing store',NULL,'099f9a40d1','B07FDC8K7M','2018-09-06 10:16:21'),(456,'Smart Surface 8825 Heavy Duty Self Adhesive Furniture Felt Pads 1-Inch Round Brown 96-Piece Value Pack in Resealable Bag',NULL,'42eb2a36a3','B00KM4A81K','2018-09-06 10:16:24'),(457,'Pelikus Felt Purse & Tote Organizer Insert/Multi-Pocket Handbag Shaper',NULL,'3646174a83','B01DICWX60','2018-09-06 10:16:26'),(458,'Samsung Galaxy Tab A 10.1 / Surface Go 10 Inch 2018 Release',NULL,'2f1f263c4c','B06XJ1HK6P','2018-09-06 10:16:28'),(459,'MOSISO Felt Laptop Shoulder Bag Compatible 13-13.3 inch MacBook Pro',NULL,'ac77d1d95d','B016OBOEQY','2018-09-06 10:16:32'),(460,'Melissa & Doug Burrow Bunny Rabbit Stuffed Animal (14 inches)',NULL,'d724cd911c','B004N7NFSK','2018-09-06 10:16:34'),(461,'Big Boys\' Paw Patrol - Chase Costume',NULL,'90beaee1e8','B00MGJHZVA','2018-09-06 10:16:36'),(462,'Lamaze Mortimer The Moose',NULL,'f6fcf9f6ab','B000I2MRLU','2018-09-06 10:16:40'),(463,'Disguise Owlette Deluxe Toddler PJ Masks Jumpsuit with Attached Boot Covers',NULL,'0cfd5a075c','B01BVF9I6Y','2018-09-06 10:16:42'),(464,'Durable Polyresin Animal Tree-Hugger Sculpture - Lawn and Garden Outdoor Décor Statue',NULL,'bda46f9659','B019ZXI14O','2018-09-06 10:16:44'),(465,'Disney Mickey Mouse Costume Ears Headband for Women elope',NULL,'67bc95f8d1','B0030J2IOE','2018-09-06 10:16:46'),(466,'Jungle - Childrens Bike Helmets - Schwinn Infant Helmet',NULL,'34123e5092','B00CIOGOYW','2018-09-06 10:16:49'),(467,'Disney Bullseye Plush - Toys & Games',NULL,'49e16600ce','B007DCRRMW','2018-09-06 10:16:52'),(468,'elope Spiral Black Antenna Headband for Kids',NULL,'f56970794f','B003IBNAW8','2018-09-06 10:16:54'),(469,'PharMeDoc Toddler Pillow for Kids - 14 x 19 inch',NULL,'5644f291fb','B01MEHA57Y','2018-09-06 10:17:00'),(470,'GUND Spirited Away No Face Stuffed Plush - 8\" - Toys & Games',NULL,'6ef9a7bb5b','B010VLWFFA','2018-09-06 10:17:04'),(471,'Little Sleepy Head Toddler Pillowcase - Utopia Collection',NULL,'30d3ca55a7','B01H10L82U','2018-09-06 10:17:07'),(472,'Aurora World World Giddy-Up Stick Horse 37\" Plush',NULL,'9f35fd0ad1','B00DOFT3OW','2018-09-06 10:17:12'),(473,'4 inch 2 Speed Portable Cooling Fan USB Powered by Netbook',NULL,'fc9ed3fdd7','B01GZMMH7K','2018-09-06 10:17:14'),(474,'Toddler Early Learning Basic Life Skills Children\'s Plush Travel Activity',NULL,'72b4acadad','B0095B92IQ','2018-09-06 10:17:16'),(475,'BUCKLE TOY \"Bubbles\" &ndash; Toddler Early Learning Basic Life Skills Children Plush Travel Activity',NULL,'feca83a7e8','B01D3XGNBA','2018-09-06 10:17:19'),(476,'BUCKLE TOY \"Bella\" &ndash; Toddler Early Learning Basic Life Skills Children&rsquo;s Plush Travel Activity',NULL,'95993ebf0c','B01D4DI5KG','2018-09-06 10:17:21'),(477,'BUCKLE TOY \"Bingo\" Activity Cube &ndash; Toddler Early Learning Basic Life Skills Children&rsquo;s Travel Plush',NULL,'f091615afe','B015HUOBFW','2018-09-06 10:17:24'),(478,'Toddler Early Learning Basic Life Skills Children&rsquo;s Plush Travel Activity',NULL,'7a6bb4e8ff','B00GCGG6FO','2018-09-06 10:17:28'),(479,'Melissa & Doug Soft Activity Baby Book - The Wonderful World of Peekaboo!',NULL,'05983132c7','B00LND6BFG','2018-09-06 10:17:30'),(480,'Fisher-Price 4-in-1 Step \'n Play Piano',NULL,'c9ef98c4d2','B014D4HHOU','2018-09-06 10:17:32'),(481,'BUCKLE TOY \"Blossom\" Butterfly Backpack &ndash; Toddler Early Learning Basic Life Skills Children&rsquo;s Plush Travel Activity',NULL,'14f93ac322','B01D3XATPG','2018-09-06 10:17:35'),(482,'ABC Sound Book For Children / English Letters & Words Learning Book',NULL,'8240c9e05c','B01GXTGKVO','2018-09-06 10:17:37'),(483,'ToBeReadyForLife Cloth Book Baby Soft Books Newborn Babies',NULL,'fb0e77b7e8','B01GJJH580','2018-09-06 10:17:44'),(484,'Unique Burgundy and Ivory White Knit Christmas Stockings 14\"',NULL,'02006fbed7','B01M2COSQ8','2018-09-06 10:17:51'),(485,'Bucilla 18-Inch Christmas Stocking Felt Applique Kit',NULL,'0292516a3d','B000W7FZGK','2018-09-06 10:17:53'),(486,'Bucilla Felt Applique Wreath Kit - 86264 Cookies & Candy',NULL,'7ff5feea95','B0056RUUG6','2018-09-06 10:17:58'),(487,'Firefly Craft Heat Transfer Vinyl for Silhouette and Cricut',NULL,'db0f1166ce','B06ZZPQTPH','2018-09-06 10:18:06'),(488,'Combo Bundle Kit for T Shirts Sports Clothing and Other Fabrics',NULL,'8983f8b8ab','B06XWB1GN6','2018-09-06 10:18:09'),(489,'SEI 9-104 8-Inch Iron-On Team Pack Athletic Number Transfers',NULL,'415d3407b4','B004X76LB8','2018-09-06 10:18:11'),(490,'Prevent Scratches on your Glasses and Sunglasses - Protective Glasses Case for Men and Women',NULL,'625f5c117f','B0102WILB0','2018-09-06 10:18:14'),(491,'Logitech G413 Backlit Mechanical Gaming Keyboard with USB Passthrough &ndash; Carbon',NULL,'6cbd697cec','B06XR5MWGM','2018-09-06 10:18:17'),(492,'Roscoe Reusable Gel Ice Pack / Hot Pack &ndash; Microwaveable Hot / Ice Pack For Injuries',NULL,'db2b68fed1','B00NSFF2J8','2018-09-06 10:18:20'),(493,'Pastel Gel Pens For Kids And Adult',NULL,'40ca340f65','B01LQ6426Y','2018-09-06 10:18:24'),(494,'Maybelline New York Line Stiletto Ultimate Precision Liquid Eyeliner',NULL,'546aacd94f','B002LFRRIK','2018-09-06 10:18:26'),(495,'Bed Head Rock N\' Roller Curling Wand for Tousled Waves and Texture',NULL,'e166f72883','B0092MCQZ4','2018-09-06 10:18:31'),(496,'They Might Be Giants - Here Comes Science',NULL,'0fcc07a7af','B002FKZ4UO','2018-09-06 10:18:33'),(497,'Mutilcolor 50pcs Gemstone Bullet Shape Healing Pointed Chakra Beads Crystal Quartz Stone Randow Color Pendants for Necklace Jewelry Making',NULL,'bc59d0d7f7','B019G0Q6JS','2018-09-06 10:18:36'),(498,'U Brands Magnetic Dry Erase Board Eraser - 4.5 x 2.25 x 1 Inches',NULL,'ad35d2f752','B00PRYR5Q6','2018-09-06 10:18:38'),(499,'Teacher Created Resources Staff - Teacher Created Materials',NULL,'d41d8cd98f','157690119X','2018-09-06 10:18:40'),(500,'Rhode Island Novelty Cowboy Bandanas - Red - Toys & Games',NULL,'11ca145af4','B006EPHF44','2018-09-06 10:18:44'),(501,'Classic Toy With 120 Solid Wood Shapes and 5 Double-Sided Panels',NULL,'0197a03057','B00006JZCG','2018-09-06 10:18:47'),(502,'USB Output to Convert Vinyl Records to Digital Files and Standard RCA & Headphone Outputs &ndash; Piano Black Finish',NULL,'34a468dad0','B01DPOXSOW','2018-09-06 10:18:50'),(503,'Kaytee Clean & Cozy Lavender Bedding - 1000 Cubic Inch',NULL,'c4d4c304da','B008BZV7N0','2018-09-06 10:18:53'),(504,'Camco Sewer Hose Rinser With Power Jet Cleaning Action and Shut-Off Valve- Clean Out RV Sewer Hoses With Any Standard Water Hose Connection (39533)',NULL,'73c78c54ad','B000RFSARI','2018-09-06 10:18:55'),(505,'Mountain House Italian Style Pepper Steak with Rice',NULL,'208b602d9f','B00RJM2GX6','2018-09-06 10:18:58'),(506,'Pack of 12 - Industrial & Scientific - Glass Vials',NULL,'1855740595','B002JV89OC','2018-09-06 10:19:01'),(507,'Magnetic Tiles STEM Preschool Educational Construction Kit(120 PC Set)',NULL,'eb7d8dc5c1','B0731MM85R','2018-09-06 10:19:03'),(508,'Child Harry Potter Deluxe Costume Medium - Toys & Games',NULL,'326e8836e3','B000UV3G2S','2018-09-06 10:19:05'),(509,'Plastic and Fiberglass Polish Paste in 1.76-Ounce Blister Tube',NULL,'131efce736','B000MUSOW4','2018-09-06 10:19:07'),(510,'Wooster Brush Q3211-2 Shortcut Angle Sash Paintbrush',NULL,'956c150ecf','B002YC06T2','2018-09-06 10:19:19'),(511,'Hot Sweat Vest Neoprene Sauna Vest for Men Weight Loss Tummy Fat Burner Slimming Shapewear Hot Thermo Body Shaper Sweat Tank Top Black No Zip',NULL,'ea1ff01734','B0753GHTMS','2018-09-06 10:19:22'),(512,'Fiskars 154110-1001 Non-stick Titanium Softgrip Detail Scissors',NULL,'246e9bd73f','B005NAGBC8','2018-09-06 10:19:24'),(513,'Best for Men and Women as a Helmet Liner - Perfect under Motorcycle Helmets',NULL,'3fc3e3e03d','B01N1IZ6FO','2018-09-06 10:19:26'),(514,'Furinno FNCL-33021 Bamboo Extension Book Rack',NULL,'aca370d92e','B00F9KI1I4','2018-09-06 10:19:29'),(515,'Koalabu Natural Unfinished Wooden Peg Doll Bodies - Artist Set of 40 in 5 Different Shapes and Sizes',NULL,'406c14a70b','B0189Y8W44','2018-09-06 10:19:31'),(516,'Baleaf Women\'s 8\" High Waist Tummy Control Workout Yoga Shorts Side Pockets',NULL,'54897d08da','B074SK5229','2018-09-06 10:19:33'),(517,'Seville Classics Foldable Storage Bench Ottoman - Charcoal Gray',NULL,'efee353d0f','B017WOF41G','2018-09-06 10:19:35'),(518,'Dykem 80300 Steel Blue Layout Fluid - Brush-in-Cap (4oz)',NULL,'612d208c11','B079HHPGMS','2018-09-06 10:19:40'),(519,'Homma Women\'s Tummy Control Fitness Workout Running Bike Shorts Yoga Shorts',NULL,'51683476b3','B01MT41M6B','2018-09-06 10:19:43'),(520,'Ultra Fine Cheesecloth for Cooking - 100% Unbleached Cotton Fabric',NULL,'fc9daf4477','B072V18F5L','2018-09-06 10:19:45'),(521,'Rubie\'s Jurassic World T-Rex Inflatable Costume - Child&rsquo;s Size Small',NULL,'09a4348cc5','B00TO8QRC4','2018-09-06 10:19:47'),(522,'Akro-Mils 10116 16 Drawer Plastic Parts Storage Hardware and Craft Cabinet',NULL,'845a3c30bc','B003TV3NJ2','2018-09-06 10:19:50'),(523,'Marine 31 Mildew Remover (20 oz)',NULL,'a6c238710e','B00LWD18L4','2018-09-06 10:19:53'),(524,'Rhodia Orange Webnotebook 5.5X8.25 Dot Grid - Drawing Pads And Books',NULL,'7ec236e587','B006CQSROW','2018-09-06 10:19:55'),(525,'Jungle Animal Props Party Accessory (1 count) (6/Pkg)',NULL,'6183b851cf','B0054W49XI','2018-09-06 10:19:58'),(526,'Yogipace 28\"/29\"/30\"/31\"/32\"/33\"/35\"/37\" Inseam - Women\'s Bootcut Yoga Pants Long Workout Pants',NULL,'eecd2df23d','B072WSQPM1','2018-09-06 10:20:00'),(527,'Yourtablecloth Deluxe Cushioned Heavy Duty Table Pad with Flannel Backing (52\" X 70\"Rectangle)',NULL,'04b88fc410','B01M1P8J2D','2018-09-06 10:20:03'),(528,'Months of the Year - Days of the Week',NULL,'b56b6d12f2','B0716YBB39','2018-09-06 10:20:05'),(529,'Darice 1201-14 Value Pack Circle Hole Punches 3-Piece',NULL,'f2d4201230','B000WWK8US','2018-09-06 10:20:08'),(530,'Shock Doctor Gel Max Mouth Guard Sports - 1 Sports Mouthguard for Football',NULL,'279f25861c','B00I1BDKPC','2018-09-06 10:20:11'),(531,'The Best Fitness Equipment for 6 Pack Abs & Core Workout Roller',NULL,'8db8b68c0d','B0176037O2','2018-09-06 10:20:14'),(532,'Wall Sticker Decals for Room Home Nursery Decor - Heansun 80 PCS Wall Decal Butterfly',NULL,'a75cb4b46e','B07238YNZZ','2018-09-06 10:20:16'),(533,'Under Armour Women\'s Essential Twist 2.0 No Show Socks (6 Pack)',NULL,'57de4f0af3','B019D0FA02','2018-09-06 10:20:19'),(534,'Waist Trainer Vest Slim Belt Workout Fitness-Breathable',NULL,'355d54a588','B076Q57HDZ','2018-09-06 10:20:21'),(535,'Learning Resources LER6040 Giant Magnetic Solar System',NULL,'b46422cb59','B004DJ51Q2','2018-09-06 10:20:24'),(536,'Gerlobal Men\'s Bodybuilding Gym Running Workout Shorts Active Training Shorts',NULL,'e508e16a0a','B073R7DJ3M','2018-09-06 10:20:26'),(537,'ODODOS Power Flex Boot Cut Yoga Pants Tummy Control Workout Running 4 Way Stretch Boot Leg Yoga Pants',NULL,'d45e18a559','B0771XH8T1','2018-09-06 10:20:28'),(538,'Melissa & Doug Scissor Skills Activity Book With Pair of Child-Safe Scissors (20 Pages)',NULL,'7859e2ff49','B00EJAEUBC','2018-09-06 10:20:31'),(539,'Neoprene Slimmimg Compression Vest for Weight Loss',NULL,'f9eef55911','B01FSL8AHK','2018-09-06 10:20:33'),(540,'Bag Insert In Bag with Zipper Inner Pocket Black M',NULL,'64ca5ab12f','B074YH96NH','2018-09-06 10:20:39'),(541,'Survival & Emergency Preparedness Use - Large Washable 66\"x90\" Size',NULL,'4dc6354e45','B074JDR861','2018-09-06 10:20:41'),(542,'BESU 25 Pieces Reusable Straws Fit for Tumbler Mason Jar with Cleaning Brush(9 Inch and 10.5 Inch)',NULL,'ada2d03041','B071GZLSXD','2018-09-06 10:20:55'),(543,'ExcelMark Self-Inking Do It Yourself Stamp Kit',NULL,'34ab11c535','B01BUH89AO','2018-09-06 10:20:57'),(544,'Set of 2 Half Sheet (Thick & Large 11 5/8\" x 16 1/2\")',NULL,'0494ddffff','B06XBX9ND2','2018-09-06 10:20:59'),(545,'Callaway 50 MIX NEAR MINT AAAA USED GOLF BALLS - Sports & Outdoors',NULL,'49f18483e8','B00PR2HRDO','2018-09-06 10:21:04'),(546,'Amazon.com: Asmodee Mysterium: Toys & Games',NULL,'29701c2068','B013TJ5P80','2018-09-06 10:21:07'),(547,'PixieCrush Pretend Play Makeup Kit. Designer Girls Beauty Basics 12 Piece Polka Dot Handbag Set',NULL,'109b73b981','B01B78SDP2','2018-09-06 10:21:09'),(548,'Secret Garden Graffiti Sticker Decals Vinyls for Laptop',NULL,'86e612aab3','B072JC4Q56','2018-09-06 10:21:11'),(549,'Essential Oil Roller Bottles by PrettyCare (12 Pack Rainbow Color Glass Bottle 10ml',NULL,'f59fd8f573','B07569RGBY','2018-09-06 10:21:14'),(550,'24-Count 3.4 oz Spice Jars with Lids Value Pack. Airtight Glass Bottles for Spices',NULL,'0da086ec2a','B01N9QBI4C','2018-09-06 10:21:20'),(551,'TARE WEIGHT TAGS on every bag Premium MACHINE WASHABLE Grocery Set of 9-3 Different Sizes 12x17in',NULL,'179a9d9674','B01M24RXF7','2018-09-06 10:21:25'),(552,'Avery Preprinted Removable Garage Sale Labels - Pack of 350 (5480)',NULL,'160e4c79f5','B0010T1UTU','2018-09-06 10:21:27'),(553,'Amazon.com | Talented Kitchen 14 Glass Spice Jars w/2 Types of Preprinted Spice Labels. Premium Commercial Grade',NULL,'61c6dc66dd','B06XWGYT2Z','2018-09-06 10:21:29'),(554,'Amazon.com | Thirstystone Cinnabar Coaster - Multicolor to Cinnabar Coaster',NULL,'99262a1252','B001CKSZ2M','2018-09-06 10:21:32'),(555,'320+ Printed Spice Jar and Pantry Label Set - Chalkboard 1.5\" Round Stickers',NULL,'5e10662745','B072FHQR6X','2018-09-06 10:21:34'),(556,'Whitecoat MedInfo Clipboard Medical Edition Black',NULL,'a5ee6c5a48','B00C2EG826','2018-09-06 10:21:36'),(557,'purifyou Premium Reusable Mesh/Produce Bags - with Tare Weight on Tags | Lightweight',NULL,'4bf579109a','B01ISYGFGM','2018-09-06 10:21:41'),(558,'100 PCS Not Repeat Graffiti Sticker Label Fashion Label Art Car Board Waterproof Random Stickers',NULL,'621da8d8e3','B06XXFBFML','2018-09-06 10:21:44'),(559,'Miliko Transparent Hardcover A5 Size Dot Grid Wirebound/Spiral Notebook-2 Per Pack (Dot Grid)',NULL,'002209bfbe','B01ECY4X8O','2018-09-06 10:21:46'),(560,'Extra Thick Blocking Boards with Grids with 100 T-pins and Storage Bag for Needlework or Crochet',NULL,'ba40485612','B01FVI1IGK','2018-09-06 10:21:49'),(561,'Nilight Led Light Bar 2PCS 4.5\" 27w 3000LM Round Flood Light Pod Off Road Fog Driving Roof Bar Bumper for Jeep',NULL,'c75cea2060','B01GC60QSG','2018-09-06 10:21:54'),(562,'Letter Board 10x10 w/690+ LETTERS +STAND +SORTING TRAY +CANVAS BAG +MORE | letter board with letters',NULL,'bc98594471','B075JG2MVQ','2018-09-06 10:22:03'),(563,'LUXUR Retro Duffel Cylinder Bag 26L Canvas Travel Backpack for Men Hiking Luggage Weekend Bag',NULL,'42f2bb1a31','B01H36MZZ6','2018-09-06 10:22:07'),(564,'Amazon.com | BOSTANTEN Leather Briefcase Laptop Handbag Messenger Business Bags for Men | Briefcases',NULL,'e4f640506f','B017LJXBLC','2018-09-06 10:22:13'),(565,'Zento Deals Soft Faux Sheepskin Seat Belt Shoulder Pad- Two Packs- A Must Have for All Car Owners for a More Comfortable Driving (Black)',NULL,'c01b4b1bdc','B01C4PEO82','2018-09-06 10:22:18'),(566,'Insert purse organizer Structure Shaper fits Speedy Beige XL',NULL,'8db93df11f','B073FJ2DF8','2018-09-06 10:22:26'),(567,'BAGGU Standard Reusable Shopping Bag - Sailor Stripe',NULL,'7c7b4faf75','B00CRPOUS4','2018-09-06 10:22:28'),(568,'MOSISO Felt Laptop Shoulder Bag Compatible 15 Inch New MacBook Pro with Touch Bar A1990 & A1707 2018 2017 2016',NULL,'ac77d1d95d','B07CVK3ZH6','2018-09-06 10:22:35'),(569,'Handmade Medium Vintage Leather Journal Diary Men Women Gift for Him Her',NULL,'3b7faa240e','B015RE6B92','2018-09-06 10:22:40'),(570,'Insert purse organizer Structure Shaper fits Speedy Gray S',NULL,'e7ddb0b4ed','B073FDS9RH','2018-09-06 10:22:43'),(571,'Best Handbag Organizer - Felt Structure Shaper',NULL,'650cc45bc3','B01D97VEHI','2018-09-06 10:22:45'),(572,'Ziz Home Hanging Closet Organizer | 5 Shelf Beige | Closet Hanging Organizer | Closet Organizer Hanging Shelves | Sweater Hanging Organizer | Hanging Clothes Storage Box Hanging Shelf Closet Organizer',NULL,'9429b77cc0','B00R208DKU','2018-09-06 10:22:50'),(573,'Insert purse organizer Structure Shaper fits Speedy Beige L',NULL,'8db93df11f','B073FDQ17W','2018-09-06 10:22:53'),(574,'ibagbar Water Resistant Messenger Bag Satchel Shoulder Crossbody Sling Working Bag Bookbag Briefcase Fits 14 Inch Laptop for Men and Women',NULL,'eec067cc64','B075N7FL45','2018-09-06 10:22:55'),(575,'Van Gogh Notebook (Decorative Notebooks) (9780486406107)',NULL,'decd460250','0486406105','2018-09-06 10:22:59'),(576,'Insert purse organizer Structure Shaper fits Speedy Beige S',NULL,'8db93df11f','B073FF83D5','2018-09-06 10:23:02'),(577,'Felt(3MM) Fabric Bag Organizer for LV Neverfull - Purse Handbag Tote Bag',NULL,'bf0e6fe621','B072N2LTJS','2018-09-06 10:23:04'),(578,'Quatrefoil Canvas Protective Briefcase Carrying Handbag Sleeve Case Cover',NULL,'c50e862ce7','B01ABDOCPO','2018-09-06 10:23:08'),(579,'Vercord Felt Purse Handbag Pocketbook Tote Insert Organizer Bag Shaper In Bag Multi-Pockets',NULL,'0a364e3d24','B06Y2PCL6K','2018-09-06 10:23:16'),(580,'PU Leather Protective PC Notebook Carrying Case Cover for Surface Laptop/Surface Book 2 13.5\"',NULL,'ee2b2b1935','B013FMSMO0','2018-09-06 10:23:18'),(581,'Repel Windproof Travel Umbrella with Teflon Coating (Pink)',NULL,'c107e7577a','B01K47MK1U','2018-09-06 10:23:20'),(582,'Animal Planet Round Plush Micro Suede & Sherpa Bolster Pet Bed for Dogs & Cats',NULL,'65085a907a','B07BY8BXL3','2018-09-06 10:23:22'),(583,'Soft and Comfy Beds for Large Cats and Kittens(Dark Grey)',NULL,'a3cef682a3','B01M2WH4US','2018-09-06 10:23:25'),(584,'Eco-Friendly 100% Merino Wool Felt Cat Bed (Large - Dark Gray with Knitting)',NULL,'9cd028e72a','B071XKMQJN','2018-09-06 10:23:27'),(585,'Kivikis Cat and dog interactive toy. Wool ball. Handmade. Natural sheep wool. Soft and light. Also have more other uses. 5 pieces.',NULL,'6569d03d8b','B01DCI9DTA','2018-09-06 10:23:29'),(586,'Eco-Friendly 100% Merino Wool Cat Bed (D.Brown/K/Med)',NULL,'a8e90f8eef','B07CPF9GDH','2018-09-06 10:23:32'),(587,'Precision Pet Shearling Round Bed - Coffee Liqueur Chenille',NULL,'348d84fe24','B00DVYUVM4','2018-09-06 10:23:36'),(588,'Eco Friendly 100% Merino Wool Bed For Large Cats and Kittens(Light Grey)',NULL,'03b593d609','B01MA344ED','2018-09-06 10:23:37'),(589,'Eco-Friendly 100% Wool Cat Bed (D.Gray/K/Med) - MEOWFIA Premium Felt Cat Cave Bed (Medium)',NULL,'9cd028e72a','B07CPPSZ71','2018-09-06 10:23:42'),(590,'Smiling Paws Pets Unique 2-in-1 Cat Bed/Cat Condo & Cat House | A Cat Cube with Thick Organic Cotton',NULL,'a7f759400b','B01HZC8V42','2018-09-06 10:23:45'),(591,'Grey/Aquamarine - CatGeeks Premium Felt Cat Cave (Large)',NULL,'02a58c80e1','B00TXNX9E4','2018-09-06 10:23:47'),(592,'Handmade 100% Merino Wool Bed For Cats and Kittens (Dark Grey/Medium)',NULL,'a3cef682a3','B078NJPCHZ','2018-09-06 10:23:50'),(593,'Gray White Handmade Natural Felted Merino Wool - Also Perfect Kitten Gift. Bonus Catnip',NULL,'f24ace61b5','B01637YYM8','2018-09-06 10:23:53'),(594,'Children\'s 2 in 1 Flip Open Foam Sofa - Marshmallow Furniture',NULL,'a70a42bc48','B00TY40XPK','2018-09-06 10:23:55'),(595,'Eco Friendly 100% Merino Wool Bed For Large Cats and Kittens (Asphalt/Aquamarine)',NULL,'2d188fd50c','B01MZ406LM','2018-09-06 10:23:58'),(596,'Eco-Friendly 100% Merino Wool Cat Bed (L.Gray/K/Med)',NULL,'0a7165cb1d','B07CPLYNSR','2018-09-06 10:24:01'),(597,'Perfect Gift For Cats and Kittens (Slate Grey/Medium)',NULL,'9ee46072f4','B078NJZ1YR','2018-09-06 10:24:04'),(598,'Favorite Soft Portable Opening Cat Play Cube Bed',NULL,'995dfcd242','B013HIAQ32','2018-09-06 10:24:09'),(599,'Pet Magasin Thermal Self-Heated Bed for Cat - Pack of 2',NULL,'8a8747322f','B00UPEMJ00','2018-09-06 10:24:12'),(600,'Perfect Gift For Cats and Kittens (Light Grey/Medium)',NULL,'cf5fceafd8','B078NJM2CT','2018-09-06 10:24:15'),(601,'Handcrafted Cat Cave Bed (Large) I Ecofriendly Cat Cave I Felted from 100% Natural Merino Wool I Handmade Pod for Cats and Kittens I Warm and Cozy cat Bed (Slate Grey)',NULL,'deec46e0ad','B01CHM0FGC','2018-09-06 10:24:17'),(602,'Cat Window Perch Window Seat Suction Cups Space Saving Cat Hammock Pet Resting Seat Safety Cat Shelves',NULL,'e386e909e6','B00FDU5JO4','2018-09-06 10:24:20'),(603,'Blueberry Pet Halloween & Thanksgiving Fall Charm Pumpkin Dog Collar Cover for Small',NULL,'c23f3d04b9','B07CTJZ2J7','2018-09-06 10:24:23'),(604,'36\" Reclaimed Galvanized Tin Wedding Decorations - Rusty Tin Letters Rustic Metal Wall Decor 8\"',NULL,'78386a96c7','B018RXP4M0','2018-09-06 10:24:27'),(605,'Fun Express Products Adhesive Foam Letters Novelty (1040 Piece)',NULL,'4ded14e501','B004MR1S3U','2018-09-06 10:24:42'),(606,'Letter Board Letters and Words Set | 340 Pieces Includes Cursive Words',NULL,'299d6bab01','B0798XJH18','2018-09-06 10:24:44'),(607,'Welcome Door Mat For Entrance Way & Porch- Outdoors and Indoors (24X18 Inches)',NULL,'898cd85bd9','B01947LAPS','2018-09-06 10:24:49'),(608,'Innovee Revolutionary Table Pad &ndash; Protects Table from Spills & Heat &ndash; 52 X 108 Inch Premium Table Protector &ndash; Flannel Backing &ndash; Lies Flat &ndash; Cut to Fit Any Size Table',NULL,'9d35b92d5f','B01I8Y21S8','2018-09-06 10:24:52'),(609,'Thick Large (31.5&times;15.75&times;0.12 inch) Computer Keyboard Mousepad Mouse Mat',NULL,'cfe1c918e1','B0794WBPHK','2018-09-06 10:24:55'),(610,'Tabletop Protection for Any Table Type - Stone Tables',NULL,'47946abe43','B01AD9X6JO','2018-09-06 10:24:57'),(611,'Bumkins Suction Silicone Baby & Kid Grip Dish',NULL,'2ce2e42f95','B01M2VDZSY','2018-09-06 10:25:00'),(612,'Lifver Absorbent Stone Coasters 6-Piece Set - Drink Spills Grey-Lines',NULL,'cb725b5562','B06XCP87JX','2018-09-06 10:25:02'),(613,'Amazon.com | Dulce Cocina Set of 6 Large 4.5 inch Size Blue Tree Felt Coasters Wedding Decorations',NULL,'028f7a2326','B00Q0MXTMI','2018-09-06 10:25:05'),(614,'Sturdy and Durable 7\'\' Kitchen Hot Pads. Handmade Festive Design Table Decor',NULL,'fbad5ef46f','B0711WV63B','2018-09-06 10:25:07'),(615,'PROTEX TABLE PAD Protex Cut to Fit Table Pad Vinyl Table Cover with Flannel Backing',NULL,'d327faf888','B00M1VHEO6','2018-09-06 10:25:10'),(616,'Premium Quality Insulated Flexible Durable Non Slip Coasters Hot Pads Blue',NULL,'b7d04b4b1f','B0132J9YTS','2018-09-06 10:25:13'),(617,'Amazon.com | Dulce Cocina Absorbent Drink Coasters',NULL,'02a7470c74','B00Q0IFA92','2018-09-06 10:25:16'),(618,'HEBE Placemats Set of 6 Heat-Resistant PVC Placemat for Dining Table Woven Vinyl Stain Resistant Table Mats Easy to Clean',NULL,'cf2eed4d09','B01LNJK3S0','2018-09-06 10:25:18'),(619,'LITA Premium Artificial Grass 28 in x 40 in (7.7 Square FT) Realistic Fake Grass Deluxe Turf Synthetic Turf Thick Lawn Pet Turf -Perfect for Indoor/Outdoor Landscape',NULL,'6f990566c5','B01FYK0Y1K','2018-09-06 10:25:21'),(620,'White Lines Flannel Backed Vinyl Tablecloth - 52-Inch by 70-Inch Oblong (Rectangle)',NULL,'748d5a9dbb','B007PTFHBG','2018-09-06 10:25:26'),(621,'Brush and Fine Tip Marker - 1-Pack. Blendable',NULL,'3bcb678d04','B000XAORTC','2018-09-06 10:25:28'),(622,'Vases and Centerpieces for Wedding beads - makes 12 gallons of water beads',NULL,'e11b709744','B01NBFHVUN','2018-09-06 10:25:30'),(623,'The Best Tuner Set Including Universal Star Head Hammer',NULL,'ca5f1adf5d','B00HIRARLA','2018-09-06 10:25:33'),(624,'Set of 12 (126-004) - Office Products - Chunkies Paint Sticks',NULL,'4c22fcf0ee','B01AUP5U04','2018-09-06 10:25:38'),(625,'Julius Studio 6 ft X 9 ft White Photo Video Photography Studio Fabric Backdrop Background Screen',NULL,'f398e5944b','B015YHXHWQ','2018-09-06 10:25:41'),(626,'1201-15 Value Pack Hole Punches in 3 Shapes',NULL,'b226dfbf44','B0016840NS','2018-09-06 10:25:43'),(627,'Swiffer Sweeper Wet Mopping Pad Refills for Floor Mop with Febreze Lavender Vanilla & Comfort Scent 36 Count',NULL,'72450131a0','B012CFJFOW','2018-09-06 10:25:47'),(628,'Professional All Purpose Shears ; Fabric Scissors Office Scissors Sharp Tailor Dressmaker Craft Paper',NULL,'794fa83ce4','B071YVPHZ5','2018-09-06 10:25:49'),(629,'Health & Personal Care - Superio Hat Brush',NULL,'09a5909bf9','B00BCNUE4G','2018-09-06 10:25:57'),(630,'100% Organic Cotton for Standard 16\" x 32\" Changing Pads (Heather Grey)',NULL,'1204ccfad1','B00LY3DG2G','2018-09-06 10:26:11'),(631,'Sod Staples Ideal for Securing Weed Fabric - Ground Sheets and Fleece',NULL,'5ee7101d42','B071L9HVB9','2018-09-06 10:26:14'),(632,'Pack n Play Stretchy Fitted Pack n Play Playard Sheet Set-Brolex 2 Pack Portable Mini Crib Sheets',NULL,'133ca9df4f','B0778NPF99','2018-09-06 10:26:16'),(633,'Mr. Moustachio\'s Top 10 Manliest Mustaches of All Time Assortment',NULL,'ef0e0838a9','B00F8FEI7S','2018-09-06 10:26:23'),(634,'Pioneer PCR-1 Photo Corners Self Adhesive',NULL,'bfa8e04899','B00004ZCLV','2018-09-06 10:26:25'),(635,'RIVBOS Polarized Sports Sunglasses Driving Sun Glasses Shades for Men Women Tr90 Frame for Cycling Baseball Running Rb831 Black&Grey',NULL,'a82c748ce6','B019MM7XVK','2018-09-06 10:26:28'),(636,'Tomcat Kill and Contain Mouse Trap - 2-Pack - Garden & Outdoor',NULL,'ba97eea3cd','B00N6XKV4I','2018-09-06 10:26:30'),(637,'aooyaoo Circle Mirror DIY Wall Sticker Wall Decoration 24pcs',NULL,'5fc9390279','B06XG8T5YG','2018-09-06 10:26:34'),(638,'Peoples Republic P-Rep Red Complete Wooden Fingerboard with Basic Bearing Wheels',NULL,'b4b456fe13','B00TBOT42Q','2018-09-06 10:26:38'),(639,'Magnetic Spice Jars- Shake or Pour Containers Attach to Most Refrigerator Doors- Set of 12 Dispensers',NULL,'d38dc552d0','B01D8RI0NA','2018-09-06 10:26:42'),(640,'',NULL,'d41d8cd98f','B075PV53GN','2018-09-06 10:26:42'),(641,'Monthly Weekly Reusable Fridge Meal Planner - Large Whiteboard Kitchen Magnet Chore Chart',NULL,'01cfa0385f','B01MSM3WNY','2018-09-06 10:26:45'),(642,'Barge All Purpose Cement - Sports & Outdoors',NULL,'2ac37ff9c3','B00A3UTMJM','2018-09-06 10:26:48'),(643,'Powerful 40lb Neodymium Rare Earth Hook Magnet Set for Multi-Purpose Hanging',NULL,'596562c154','B073W2CML8','2018-09-06 10:26:52'),(644,'Furniture Non-Slip Pads 2\" Round with 3/8\" Heavy Duty Felt Core. No Adhesive. No Nails. Won\'t Harm Floors.',NULL,'eb7a88988d','B017F7TITO','2018-09-06 10:26:54'),(645,'Colorations NGL Colorations Washable Clear Glue - Industrial & Scientific',NULL,'ce2b2ee478','B01HZMNDFO','2018-09-06 10:26:56'),(646,'QEP 10-18-8 3-Inch Pro Pull Bar',NULL,'ba902a7814','B0026SY3AW','2018-09-06 10:26:58'),(647,'Clear Adhesive Bumper Pads Surface Protection for Wall and Wooden Floor Come with 100pcs (Hemispherical)',NULL,'ccb0c9af05','B01DU0O00W','2018-09-06 10:27:04'),(648,'Acorn Women\'s Dara Slipper - Medium/6.5-7.5 M US',NULL,'a52b98ca25','B019QRSTSW','2018-09-06 10:39:11'),(649,'Period Mate 5 Mama Cloths Reusable Sanitary Napkins and Wetbag (Large',NULL,'6d3b3c1e9a','B01AFMJMOM','2018-09-06 10:46:01'),(650,'Super Z Outlet Elegant Glossy Polished Pearl Beads Vase Fillers',NULL,'1fe298ea52','B018T5VZJ2','2018-09-06 10:46:10'),(651,'Coodebear Boys\' Girls\' Map Lined Pockets Buttons V Collar Vests (2-16 Years)',NULL,'abb7e9f649','B01EV713FI','2018-09-06 10:46:17'),(652,'Messermeister 8-Pocket Padded Knife Roll - Green with Brown Dots',NULL,'d8d65aeb43','B00AZVLJR2','2018-09-06 10:53:48'),(653,': Dimensions Toboggan Trio Stocking Kit',NULL,'e55d9e338e','B000W5J798','2018-09-06 10:53:51'),(654,'13X17&rdquo; Magna Doodle Sketch Erasable Pad Writing Kids Toddler Boy Girl Painting Learning Birthday Gift Present',NULL,'944cd88ec4','B01DK7QYTU','2018-09-06 10:54:04'),(655,'QuadPro Magnetic Travel Chess Set with Folding Chess Board Educational Toys for Kids and Adults',NULL,'84a5ff74a5','B06XXGPNML','2018-09-06 10:54:07'),(656,'Elope Disney Minnie Mouse Costume Ears Headband with Bow',NULL,'6e4b4620cb','B003K2SEPS','2018-09-06 10:55:18'),(657,'Flowers and Embellishments (100pc 3/4\" Felt Circle--Pink)',NULL,'9ed0c2fc78','B01MZH5X94','2018-09-06 10:55:21'),(658,'Outdoor Garage Home Storage Organization - Fits Utensil Organizer Rack Hanger Bar',NULL,'cb2b6f4345','B00OJJ2Z88','2018-09-06 10:55:28'),(659,'Chuckit! Tennis Ball Bouncing and Floating Dog Ball Orange/Blue 4 Sizes',NULL,'dc460944a2','B00006IX5A','2018-09-06 10:55:31'),(660,'Lewo Wooden Kids Educational Toys Magnetic Easel Double Side Dry Erase Board Puzzles Games for Boys Girls',NULL,'ac5c39165d','B011R65D2K','2018-09-06 10:55:36'),(661,'Just Hang it on a Wall and Start Playing. Fun Outdoor Games for Family. It\'s Beautifully Finished and Easy to Set-Up for a Man Cave',NULL,'e9e20b267c','B01I7UZFOK','2018-09-06 10:55:39'),(662,'Small Wall Hanging Message Memo Mini Display Board with Aluminium Frame for Home Office Cubicle School Kids (Blue Fabric 24x18)',NULL,'8d44670f94','B01DJKEUZI','2018-09-06 10:55:43'),(663,'Cosco Ameriwood Home Hazel Kid\'s Floor Easel',NULL,'05b01807f5','B00Q8MUJIM','2018-09-06 10:55:46'),(664,'EduKid Toys Dry Erase Whiteboard Easel - Double Sided Tapletop Easel',NULL,'8641a1e295','B01DJGUCUO','2018-09-06 10:55:51'),(665,'Tooth Fairy Pillow Kit With Notepad And Keepsake Pouch. 3 Piece Set Includes Pillow With Pocket',NULL,'fa0ddbe7e1','B01FSTGW36','2018-09-06 10:55:58'),(666,'Slytherin Shield Woven Tapestry Throw Blanket - Warner Brothers JK Rowling Harry Potter',NULL,'91e9eb699a','B00BT17YJE','2018-09-06 10:56:02'),(667,'Butterfly Craze 17\" Ballerina Doll for Little Girls\' Ballet Dance Recital and Birthday Gifts (Pink)',NULL,'d0ea4dbca4','B00S7ECM0W','2018-09-06 10:56:04'),(668,'Funny Party Hats Royal Jeweled King\'s Crown - Costume Accessory',NULL,'dd7ea5808a','B013VN4JTA','2018-09-06 10:56:07'),(669,'Wall Pops WPE0624 Kids World Dry Erase Map Decal Wall Decals',NULL,'40d1146147','B00CF0QKTS','2018-09-06 10:56:15'),(670,'Hipgirl 40 Yards 3/8\" Grosgrain Ribbon Set For Gift Wrapping Ribbon',NULL,'6715488cb4','B00TQ6MMHI','2018-09-06 10:57:21'),(671,'Includes 200+ Fun Downloadable Coloring Sheets - Fun Art Supplies for Kids and preschoolers',NULL,'474ba476b9','B0763MVRLC','2018-09-06 10:57:26'),(672,'Upgrade Stackable Building Base Plates- Baseplate 10\" x 10\" in Variety Color',NULL,'1407620895','B01HE6SEI2','2018-09-06 10:58:32'),(673,'Hyzrz Princess Frill Lace Polka Dot Kitchen Cooking Aprons for Women with Pockets Cross Back',NULL,'7289cf96f6','B00EV528CI','2018-09-06 11:04:06'),(674,'Black and White Polka Dot (VZ03715) - Vaultz Locking 3 x 5 Index Card Box',NULL,'6b58e76bfe','B072DVB5FT','2018-09-06 11:04:15'),(675,'13X17” Magna Doodle Sketch Erasable Pad Writing Kids Toddler Boy Girl Painting Learning Birthday Gift Present',NULL,'944cd88ec4','B01DK7QYTU','2018-09-06 11:08:48'),(676,'Inspires Imagination with Open-Ended Play - Includes 2 Full Teams and More',NULL,'2176d1312c','B000GDGWX0','2018-09-06 11:09:26'),(677,'Magnetic For Cleaning Dry Erase Pens and Markers Off White Boards for Office',NULL,'4e94053f2c','B01N533K8A','2018-09-06 11:10:13'),(678,'49 Responsibility and Behavior Chores - Rewards Chore Chart for Kids',NULL,'fa0ddb56e6','B01MRLINN5','2018-09-06 11:10:20'),(679,'Harry Potter Gryffindor Wall Banner - Kitchen & Dining',NULL,'b5d1557b0c','B01GVT4VVW','2018-09-06 11:13:35'),(680,'Ever Fairy Chiffon Lace Flower Baby Girls Turban Headband Head Wrap With Pearl',NULL,'1e169fc6a2','B01J7IB9M8','2018-09-06 11:13:56'),(681,'Buffalo Games Josephine Wall - 1000 Piece Jigsaw Puzzle',NULL,'c99e65376a','B00UCWOXZY','2018-09-06 11:14:49'),(682,'Warm White Fairy Light String for Indoor Outdoor Wall Decoration Wedding Party Home Garden',NULL,'af14ea0b83','B01M7XMC6Z','2018-09-06 11:15:35'),(683,'Karlling Battery Operated Multicolor 40 LED Fairy Light String Wedding Party Xmas Christmas Decorations(Multicolor)',NULL,'460f01a065','B00QGVET18','2018-09-06 11:16:24'),(684,'Sheepskin Rug for Babies from Woolino - Luxuriously Soft Shorn Lambskin Wool',NULL,'85e0146b86','B00L9HYDLU','2018-09-06 11:17:03'),(685,'a Good Puzzle Accessories for Jigsaw Puzzle Player (Dark Gray)',NULL,'becce5742d','B00MF59GDA','2018-09-06 11:17:24'),(686,'Whiskey Decanter Set World Etched Globe Decanter Antique Ship Glasses Tongs Bar Funnel Stopper Liquor Dispenser Spirits Scotch Bourbon Vodka Rum Wine Tequila Brandy Perfect Gift 850 ml',NULL,'29b9a8a2dd','B01LB35HPC','2018-09-06 11:17:36'),(687,'Kappa Wall Map Set -- Giant United States and World Map Posters for Home/School/Office (2 Pack',NULL,'941ce134bd','B079QFG353','2018-09-06 11:17:46'),(688,'The Learning Journey Lift & Learn USA Map Puzzle - Toys & Games',NULL,'81170c7132','B00CI8FIRW','2018-09-06 11:17:53'),(689,'Create & Build A Safe PLay Area Interlocking Puzzle eva Non-Toxic Floor for Children Toddler Infant Kids Baby Room & Yard Superyard',NULL,'632906233a','B01CF50516','2018-09-06 11:18:46'),(690,'Littleton 50 State Quarter Display Map Folder - Toys & Games',NULL,'9a840f533f','B001EL7WBY','2018-09-06 11:18:53'),(691,'MyMap Gold Scratch Off World Map Wall Poster with US States',NULL,'fdc13c2e7e','B06XRXDNDL','2018-09-06 11:19:04'),(692,'5 Sets of 7 Premium Glitter Polyhedral Role Playing Gaming Dice for Tabletop RPGs with Black Bicast Leather Dice Cup by',NULL,'f6653d3e12','B0771VG1HN','2018-09-06 11:19:18'),(693,'Lavievert Black Felt Mat for Puzzle Storage Puzzles Saver',NULL,'6edcd3664a','B00JWIY3NQ','2018-09-06 11:19:29'),(694,'Ryan\'s Room (U.S.A. Map Puzzle) - Toys & Games',NULL,'c074a628e3','B00000ITOQ','2018-09-06 11:19:47'),(695,'Quartet Cork Tiles - Bulletin Board',NULL,'2d8399cf1f','B004J2HR4M','2018-09-06 11:19:51'),(696,'Quilted Northern  Ultra Soft & Strong Toilet Paper',NULL,'5ce39b67b0','B01NBIO9J8','2018-09-06 11:20:00'),(697,'Plastic Treasure Map Party Accessory (Value 3-Pack)',NULL,'38cf5abda1','B06X9TKXBH','2018-09-06 11:20:08'),(698,'Lavievert Jigsaw Puzzle Roll Mat Puzzle Storage Mat Felt Mat',NULL,'452224c437','B06XYVXN57','2018-09-06 11:20:36'),(699,'Joyin Toy 288 Pieces Pirate Gold Coins and Pirate Gems Jewelry Playset Pack Party Favor. (144 Coins+144 Gems)',NULL,'87a6b59b3d','B01FTRUQXE','2018-09-06 11:21:09'),(700,'Black (65508) - Four 4x6 in',NULL,'e0db3e4337','B009EQJDD6','2018-09-06 11:21:18'),(701,'2 Pack Dry Erase Double sided 36\" x 24\" (4 Terrains) + 4 Dry Erase Markers + 1 Eraser + 7pc Polyhedral Dice Set',NULL,'950c68d8d8','B07B4MND1L','2018-09-06 11:21:43'),(702,'Non-slip Rubber Base (XXL- 35.4\"x15.7\"x2.5mm) - LIEBIRD Extended Xxl Gaming Mouse Pad',NULL,'52e28abe8f','B01JEP821U','2018-09-06 11:21:59'),(703,'Designer Lunch Bags for Men & Women - Snack & Sandwich Bags w Zipper',NULL,'bb6cdbdef4','B072LX94H8','2018-09-06 11:22:04'),(704,'Decorative Art Prints and Hanging Hardware - Hanging Wall Template',NULL,'0657b5f714','B0083GP89G','2018-09-06 11:22:11'),(705,'Melissa & Doug Magnetic Wooden Bug-Catching Puzzle Game (10 pcs)',NULL,'febc4b9bf0','B000LFUKCM','2018-09-06 11:22:45'),(706,'Haywire Group Flickin\' Chicken - Toys & Games',NULL,'67e76485a7','B002B8VL3E','2018-09-06 11:23:58'),(707,': Fez Hat: Toys & Games',NULL,'d869d22d37','B005LLLEAI','2018-09-06 11:24:03'),(708,'Harry Potter Luna Lovegood Spectrespecs Costume Glasses',NULL,'4adb527c72','B002RSMUN8','2018-09-06 11:24:13'),(709,': Deluxe Colonial Tricorn Hat: Clothing',NULL,'a4c820a2a1','B0087UJB9Q','2018-09-06 11:24:52'),(710,'Rubie\'s Harry Potter Sorting Hat - Brown - Toys & Games',NULL,'a96b17f587','B000H43358','2018-09-06 11:24:59'),(711,'Extra Heavy Moleskin - 2\" x 5 Yards (1)',NULL,'cf4a058144','B001ANMYRI','2018-09-06 11:25:13'),(712,'Soucolor 100 Colors Dual Tip Brush Pen Coloring Journaling Pens Fine Point Art Marker for Calligraphy Adult Coloring Book Bullet Journal',NULL,'1f275075f7','B073B2M5HY','2018-09-06 11:25:45'),(713,'COW SKINS VARIOUS COLORS & SIZES (8 inches X 11 Inches',NULL,'2983bd2068','B00N51TITA','2018-09-06 11:25:54'),(714,'SmartLab Toys All-Natural Lip Balm Boutique - Toys & Games',NULL,'8dfa0c42d6','B0176IESKG','2018-09-06 11:26:12'),(715,'Click N\' Play Pretend Play Cosmetic and Makeup Set with Floral Tote Bag',NULL,'9fd3cd829d','B01BT9FZTG','2018-09-06 11:26:25'),(716,'Window Film 3D Static Decoration Self Adhesive For UV Blocking Heat Control Privacy Glass Stickers Thickness 0.3mm',NULL,'124eb2c44a','B00KM4UY32','2018-09-06 11:26:33'),(717,'FirstChoice Extra Durable Moleskin - 2\" x 5 Yards',NULL,'6baa03c178','B01LYVTECJ','2018-09-06 11:27:19'),(718,'Ohuhu 20 Colors Water Color Painting Markers W/A Water Coloring Brush',NULL,'08132529cb','B074Z5WLPC','2018-09-06 11:27:30'),(719,'Tanmit 0.4 Fine Tip Markers & Brush Highlighter Pen Set of 36 for Bullet Journal Adults Coloring Book Note Taking Writing Planning Art Project',NULL,'727be338e7','B075WQPKNK','2018-09-06 11:28:04'),(720,'iSplack (Back in Black - Sports & Outdoors',NULL,'47f27421a4','B00M7QSHE6','2018-09-06 11:28:47'),(721,'88pcs 4 x 4 inches (10 x 10cm) Assorted Color Mini Felt Fabric Sheets Patchwork Sewing DIY Craft 1mm Thick',NULL,'30fe1f6206','B01IEPO27Y','2018-09-06 11:29:02'),(722,'Tree of Life Design Aromatherapy Essential Oils Diffuser Bracelet with 8 Color Reusable Felt Pads',NULL,'3b3ae0c224','B074Y9WZCJ','2018-09-06 11:30:01'),(723,'COW SKINS VARIOUS COLORS & SIZES (12 X 24 Inches 2 Square Foot',NULL,'544de103eb','B00KJ1SFMU','2018-09-06 11:31:09'),(724,'Premium Thick Paper Faux Leather Writing Notebook (5 x 8.25)',NULL,'160e8f6c43','B0778KGTTB','2018-09-06 11:31:25'),(725,'Munch Mitt Teething Mitten is Teether That Stays on Baby\'s Hand for Self-Soothing Pain Relief',NULL,'6014584647','B00X69WL3G','2018-09-06 11:31:51'),(726,'Feela Watercolor Dual Brush Tip and Highlighters for Adult Coloring Books',NULL,'43924a7adc','B0761FMWC1','2018-09-06 11:32:00'),(727,'BUCKLE TOY \"Bongo\" – Toddler Early Learning Basic Life Skills Children’s Plush Travel Activity',NULL,'c2e488e823','B01D3WY1FQ','2018-09-06 11:32:09'),(728,'Color Markers Set Set of 120 Colors Completely Washable Fine Bullet Felt Tip',NULL,'0c68172a22','B01G7JPHIM','2018-09-06 11:33:12'),(729,'Back To School Amazlab T2CU LED Photo Clips String Lights',NULL,'2c4da3df47','B016OX73QA','2018-09-06 11:33:30'),(730,'Morex Ribbon Snowflake Wired Sheer Glitter Ribbon - 2-1/2-Inch by 50-Yard Spool',NULL,'b7c954bc95','B00A23JCTU','2018-09-06 11:34:01'),(731,'Kurt Adler Artificial Mistletoe Pick with Red Bow',NULL,'149aac5cc4','B002TGZKDK','2018-09-06 11:34:49'),(732,'RECESKY 30 LED 17.5ft Fairy Crystal Ball Decor Lighting for Outdoor Indoor Garden Patio Home Xmas Wreath Christmas Tree Decorations',NULL,'22635fde7b','B01FLWHAZE','2018-09-06 11:35:08'),(733,'Morex Ribbon Swirl Wired Sheer Glitter Ribbon - 2-1/2-Inch by 50-Yard Spool',NULL,'c38ea60825','B00A23K258','2018-09-06 11:35:17'),(734,'Amazlab T2C Christmas Wedding Party Decorative Lights',NULL,'59a644add6','B016U822Y2','2018-09-06 11:35:28'),(735,'Soothing Décoration for Your Home & Bedroom',NULL,'78a1781b34','B016CUZ7VS','2018-09-06 11:36:41'),(736,'Life Glow DIY Polyester Soft Felt Fabric Squares Sheets Assorted Colors 6x6 inch (15x15cm) for Crafts',NULL,'49ca122ba3','B0144ARY5K','2018-09-06 11:37:18'),(737,'SOLEDI Embroidery Floss Thread Craft Floss Set for Friendship Bracelets 50 Skeins Rainbow Colors with Embroidery Tools',NULL,'ace0423e72','B01FDKIUB2','2018-09-06 11:37:28'),(738,'Enerwear 10P Pack Men\'s Cotton Moisture Wicking Extra Heavy Cushion Crew Socks (10-13/shoe size 6-12',NULL,'e2939066ae','B01MY0TETQ','2018-09-06 11:37:51'),(739,'adidas Rivalry Field OTC Socks (2-Pack) - Sports & Outdoors',NULL,'968cf2a793','B00ECZGU8K','2018-09-06 11:37:59'),(740,'Neat Solutions 10 Pack Solid Knit Terry Feeder Bib Set',NULL,'b57f0bec96','B004CLYZ0O','2018-09-06 11:38:08'),(741,'IF YOU CAN READ THIS Funny Saying Knitting Word Combed Cotton Crew Wine Coffee Beer Socks for Men Women at Amazon Men’s Clothing store',NULL,'0d03117800','B076P9VWDX','2018-09-06 11:38:25'),(742,'G10 Professional Wired Membrane Keyboard Compatible PC/Laptop/Desktop/Computer',NULL,'833b9aa37b','B078754DCK','2018-09-06 11:38:33'),(743,'Great Baby Shower Gift for Boys & Girls - Tiger & Elephant',NULL,'972ebbb50b','B0733QKFVX','2018-09-06 11:38:42'),(744,'Dynacraft Magna Major Damage Boys BMX Street/Dirt Bike 16\"',NULL,'b0a4e0c852','B0084175J6','2018-09-06 11:38:54'),(745,'6pcs Set Arts Fake Temporary Tattoo Arm Sunscreen Sleeves',NULL,'6b3ebfd9d8','B01G3E1XT8','2018-09-06 11:39:38'),(746,': Feiyue High Top Shoes: Shoes',NULL,'7124da1d37','B001TXDIF6','2018-09-06 11:39:53'),(747,'WinCraft MLB Los Angeles Dodgers WCR63804822 Carded Classic Pennant',NULL,'3372180bb5','B000SOG598','2018-09-06 11:40:19'),(748,'8-Way Thumbpad & Scroll Wheel w/Detachable Palm Rest',NULL,'27be6a5987','B07754PYFK','2018-09-06 11:40:29'),(749,'NCAA North Carolina Tar Heels Flag with Grommets - 3 x 5-Feet',NULL,'9c4adb9b4c','B004N9A3JC','2018-09-06 11:40:34'),(750,'Aeromax Youth Astronaut Helmet with movable visor',NULL,'fd81c6cc73','B00IA5LSH6','2018-09-06 11:40:44'),(751,'Belfry Crushable Dress Fedora Men\'s Vintage Style Hat 100% Pure Wool in Black Blue Grey Pecan Brown at Amazon Men’s Clothing store',NULL,'be86818927','B00CSSK25K','2018-09-06 11:40:55'),(752,'Stacy Adams Men\'s Crushable Wool Felt Snap Brim Fedora Hat at Amazon Men’s Clothing store',NULL,'aecfa61484','B004W114TY','2018-09-06 11:41:02'),(753,'City Hunter Pmw91 Wide Brim Wool Felt Fedora Hat -3 Colors at Amazon Men’s Clothing store',NULL,'6e7195e36a','B01BGWTYC0','2018-09-06 11:41:19'),(754,'Dorfman Pacific Men\'s Wool Herringbone Band Classic Fedora Hat at Amazon Men’s Clothing store',NULL,'80443d8fc7','B01JMZK4VI','2018-09-06 11:41:28'),(755,'Ferrecci Classic Wool Elegant English MAD Hatter Lined Top Hat',NULL,'e12b8e41c2','B00W4JA5EQ','2018-09-06 11:41:37'),(756,'Ergodyne GloWear 8935 High-Visibility Ranger Hat',NULL,'884cf016f2','B06XKRD6LL','2018-09-06 11:41:57'),(757,'Belfry Bowler Derby 100% Pure Wool Theater Quality Hat in Black',NULL,'4eba02cd06','B0792JN7C4','2018-09-06 11:42:13'),(758,'Small at Amazon Men’s Clothing store - Scala Men\'s Wool Felt Top Hat',NULL,'62f74ef52a','B001GA73RQ','2018-09-06 11:42:26'),(759,': US Toy Felt Pirate Hat: Toys & Games',NULL,'b69cf6adfb','B00362KY7I','2018-09-06 11:42:33'),(760,'Scala Classico Men\'s Wool Felt Top Hat - XL at Amazon Men’s Clothing store',NULL,'bdee39c5b2','B001GA99VO','2018-09-06 11:42:50'),(761,'Kangaroo Black Felt Studded Cowboy Hat - Toys & Games',NULL,'a160f0e1cf','B0113BJW7G','2018-09-06 11:42:57'),(762,'Dorfman Pacific Men\'s Wool Felt Hat at Amazon Men’s Clothing store',NULL,'81a1182c96','B002TW3K4A','2018-09-06 11:43:07'),(763,'FirstChoice Hat Stretcher - One Size Fits All',NULL,'3ce1bef8bc','B01MSJ5LON','2018-09-06 11:43:11'),(764,'Ohuhu Reusable Gel Cold & Hot Therapy Pack with Strap for Shoulder Knee Ankle Back Neck Elbow Waist Arm Calves Hip Pain Relief',NULL,'6872813d90','B01M8IBGYE','2018-09-06 11:43:22'),(765,'Mens Crushable Wool Felt Porkpie Hat w/Feather at Amazon Men’s Clothing store',NULL,'9a23af2b07','B0089ZUVAW','2018-09-06 11:43:35'),(766,'Siggi Womens Vintage Wool Felt Cloche Bucket Bowler Hat Winter Foldable Warm Grey at Amazon Women’s Clothing store',NULL,'265ba9c2c6','B01LXBX58E','2018-09-06 11:43:48'),(767,'Scala Classico Men\'s Wool Felt Homburg Hat at Amazon Men’s Clothing store',NULL,'ee5584fbe3','B001GAD0IC','2018-09-06 11:43:53'),(768,'Belfry Gangster 100% Wool Stain-Resistant Crushable Dress Fedora in Black',NULL,'9a48e2515e','B0064QDZJW','2018-09-06 11:44:08'),(769,'Indiana Jones Men\'s All Seasons Outback at Amazon Men’s Clothing store',NULL,'5a212c521f','B004VSQE8Y','2018-09-06 11:44:24'),(770,'Stacy Adams Men\'s Felt Fedora at Amazon Men’s Clothing store',NULL,'9420ff4b2b','B004W0LROW','2018-09-06 11:44:29'),(771,'Stetson Men\'s Bozeman Wool Felt Crushable Cowboy Hat',NULL,'6ecb68b503','B005GKDL9G','2018-09-06 11:44:52'),(772,'Comfortable Fit Swim Caps Swimming Cap for Men Women Adults Youths',NULL,'df2431589f','B075S2NT2G','2018-09-06 11:45:21'),(773,'Funny Party Hats Dress up Hats for Adults Costume Party Hats for Men Women Unisex by (Black 7\" Top Hat)',NULL,'0c1fc2760a','B008IM5EG2','2018-09-06 11:45:36'),(774,'Twister Men\'s Crushable Dakota Hat at Amazon Men’s Clothing store',NULL,'46366d90c3','B0073WGB42','2018-09-06 11:45:43'),(775,'Hanging Clothes Storage Box Hanging Shelf Closet Organizer',NULL,'9429b77cc0','B00R208DKU','2018-09-06 11:45:51'),(776,'Dorfman Pacific Indiana Jones Men\'s Wool Felt Water Repellent Outback Fedora with Grosgrain at Amazon Men’s Clothing store',NULL,'e4d19bd4a0','B001AERQZ2','2018-09-06 11:46:04'),(777,'Belfry Topper 100% Wool Satin Lined Men\'s Top Hat in Black Available in Black and Grey at Amazon Men’s Clothing store',NULL,'f0df159e67','B07942F698','2018-09-06 11:46:25'),(778,'Indiana Jones Men\'s Wool Felt Fedora at Amazon Men’s Clothing store',NULL,'2addab4cae','B001AERO1I','2018-09-06 11:46:41'),(779,'Brixton Men\'s Messer Medium Brim Felt Fedora Hat',NULL,'0336d9b7f2','B01MU02SMR','2018-09-06 11:46:53'),(780,'Scala Men\'s Crushable Wool Outback Hat - Df105',NULL,'28a7a0165a','B004W0FWT8','2018-09-06 11:47:04'),(781,'Dorfman Pacific Indiana Jones Men\'s Wool Felt 3 inch Brim Fedora Hat at Amazon Men’s Clothing store',NULL,'6a9dbb5c27','B000F43IL4','2018-09-06 11:47:21'),(782,'Brixton Men\'s Tiller Wide Brim Felt Fedora Hat',NULL,'14a7d59163','B00AYO7BN6','2018-09-06 11:47:38'),(783,'Scala Classico Men\'s Crushable Wool Felt Fedora at Amazon Men’s Clothing store',NULL,'7ef7eedc1c','B005PD4DDW','2018-09-06 11:48:04'),(784,'Big Mo\'s Toys 3\" Emoji Balls-Stress Reliver Party Favors (12 Piece)',NULL,'465a4caa3c','B01KKOTLBY','2018-09-06 11:48:19'),(785,'Style A740NP No Pocket Unisex Uniform Vest - Royal Blue',NULL,'f561269a01','B009RLUFFI','2018-09-06 11:48:27'),(786,'Style A740NP No Pocket Unisex Uniform Vest - Khaki',NULL,'a37e1751f8','B009RLQ66U','2018-09-06 11:48:40'),(787,'Funny Party Hats Black Felt Top Costume Hat (Black',NULL,'75f0ab2c04','B007ZFXDLG','2018-09-06 11:48:51'),(788,'Belfry Top Hat Theater Quality 100% Wool in Black Grey Or Pearl at Amazon Men’s Clothing store',NULL,'5ee66a6b37','B079455QBV','2018-09-06 11:49:00'),(789,'FUNOC Fashion Vintage Women Floppy Wide Brim Wool Felt Fedora Cloche Hat Cap at Amazon Women’s Clothing store',NULL,'0c642c976b','B00JGGONIE','2018-09-06 11:49:32'),(790,'Faux Felt Wide Brim Western Cowboy Hat at Amazon Men’s Clothing store',NULL,'3acbf3cce9','B01FUY100Y','2018-09-06 11:50:36'),(791,'Dantiya Women\'/s Wide Brim Wool Fedora Panama Hat with Belt Black',NULL,'b9a9342577','B017QRGVB6','2018-09-06 11:50:43'),(792,'JOSENI Women Floppy Sun Beach Straw Hats Wide Brim Packable Summer Cap (Beige) at Amazon Women’s Clothing store',NULL,'0ef6b9599c','B06Y6K5WS6','2018-09-06 11:50:54'),(793,'Bienvenu Women\'s Wide Brim Wool Ribbon Band Floppy Hat Royal Blue at Amazon Women’s Clothing store',NULL,'c3e2baa17d','B011W9BUFG','2018-09-06 11:51:40'),(794,'Dantiya Women\'/s Wide Brim Wool Fedora Panama Hat with Belt Wine Red',NULL,'5d142a9b4c','B017QRGW74','2018-09-06 11:51:48'),(795,'Lisianthus Women Belt Buckle Fedora Hat Dark-Grey at Amazon Women’s Clothing store',NULL,'74c8257ff8','B07259GTNM','2018-09-06 11:51:56'),(796,'Bienvenu Women\'s Wide Brim Wool Ribbon Band Floppy Hat Black at Amazon Women’s Clothing store',NULL,'9f68f5394f','B00M6P918O','2018-09-06 11:52:09'),(797,'DDYOUTDOOR 07-281 Fashion Summer Outdoor Sun Protection Fishing Cap Neck Face Flap Hat Wide Brim (Gray)',NULL,'4990757da8','B00MDLDXFI','2018-09-06 11:52:18'),(798,'Lisianthus Women Belt Buckle Fedora Hat Navy-Blue at Amazon Women’s Clothing store',NULL,'5e36805abc','B071YTCZW3','2018-09-06 11:52:24'),(799,'Dantiya Women\'/s Wide Brim Wool Fedora Panama Hat with Belt Camel',NULL,'d2a6259721','B017QRGXBY','2018-09-06 11:52:35'),(800,'Bellady Women Solid Color Winter Hat 100% Wool Cloche Bucket with Bow Accent',NULL,'46cc578f2c','B077FPPM4L','2018-09-06 11:52:49'),(801,'Summer UV Protection Sun Visor Hat Wide Brim Cap Folding Beach Hat',NULL,'5f6e4b1cfb','B071W2X2QK','2018-09-06 11:52:57'),(802,'Women Solid Color Winter Hat Wool Cloche Bucket with Bow Accent',NULL,'5130601402','B01826XX2U','2018-09-06 11:53:03'),(803,'Vbiger Visor Hats Wide Brim Cap UV Protection Summer Sun Hats For Women (Beige) at Amazon Women’s Clothing store',NULL,'597fcbb533','B01EYBX9BW','2018-09-06 11:53:26'),(804,'Women\'s Foldable Floppy Reversible Travel Beach Sun Visor Hat Wide Brim UPF 50+',NULL,'5685fdab37','B013BFWHJM','2018-09-06 11:53:35'),(805,'Bellady Women\'s Visor Hats UV Protection Summer Sun Hats Wide Brim Cap',NULL,'885fe079c2','B01MY1YSG2','2018-09-06 11:53:56'),(806,'Bellady Women\'s Elegant Flower Wool Cloche Bucket Bowler Hat',NULL,'ce659b2a56','B078SMYJJ5','2018-09-06 11:54:06'),(807,'Siggi Cloche Round Hat for Women 1920s Bucket Vintage Hats Flower Accent',NULL,'da8b51a143','B019WCRWIO','2018-09-06 11:54:59'),(808,'NE Norboe Women\'s Brim Fedora Wool Flat Top Hat Church Derby Bowknot Cap at Amazon Women’s Clothing store',NULL,'6ac98f152a','B019Q3DH1U','2018-09-06 11:55:12'),(809,'Simplicity Women\'s UPF 50+ UV Sun Protective Convertible Beach Hat Visor White at Amazon Women’s Clothing store',NULL,'bd26435bf2','B00CLKS6H6','2018-09-06 11:56:49'),(810,'Blue Tie Dye - Sports & Outdoors - Halo Headbands Sweatband',NULL,'b190ad303a','B01L17EP4C','2018-09-06 11:57:00'),(811,'Bellady Women Solid Color Winter Hat Wool Cloche Bucket Bow Accent',NULL,'41368fae80','B01826XVS6','2018-09-06 11:57:11'),(812,'TrailHeads Women\'s Race Day Running Cap-Performance Hat',NULL,'3bf415e0a6','B00NDVD91A','2018-09-06 11:57:35'),(813,'Vbiger Ketucky Derby Hats Church hats Large Wide Brim Gauze Hat For Women',NULL,'24f02a41fe','B01ESG2TO6','2018-09-06 11:57:44'),(814,'FeiYu Crafts Penny Mesh Hat Fascinator with Mesh Ribbons and Off-White Feathers at Amazon Women’s Clothing store',NULL,'fbaf49a531','B01N5JFHLF','2018-09-06 11:57:55'),(815,'Women\'s Big Wide Brim Sun Hat UV Protection Visor Sun Hat Lightweight Golf Folding Hat',NULL,'b770186d93','B01A6TMB4M','2018-09-06 11:58:29'),(816,'FeiYu Crafts Rooster Tails Feather Fascinator Top Hat for Girls and Women (A-Navy) at Amazon Women’s Clothing store',NULL,'8b57503d46','B01MZ6W9N6','2018-09-06 11:58:34'),(817,'FeiYu Crafts Penny Mesh Hat Fascinator Mesh Ribbons Shell Pink Feathers at Amazon Women’s Clothing store',NULL,'55c8bc8ddf','B01N9LMMJI','2018-09-06 11:58:39'),(818,'Simplicity Women\'s UPF 50+ UV Sun Protective Convertible Beach Hat Visor Black at Amazon Women’s Clothing store',NULL,'2f2cd0ccaf','B01FXIDV6I','2018-09-06 11:58:58'),(819,'FAYBOX Vintage Mesh Wool Felt Pillbox Flower Women Fascinator Hat Hair Clip Blk at Amazon Women’s Clothing store',NULL,'561f7ecf30','B01EBQZJW2','2018-09-06 12:00:46'),(820,'Siggi Womens Black Vintage Wool Felt Cloche Bucket Hat Winter Fall Packable at Amazon Women’s Clothing store',NULL,'99d803039c','B01L57S4IQ','2018-09-06 12:00:59'),(821,'Scala Collezione Women\'s Boiled 100% Wool Cloche Hat',NULL,'4d2dcc1560','B00472MCW6','2018-09-06 12:01:11'),(822,'GADIEMKENSD Sport Hat 40+ UPF Inhibit UV Lightweight Baseball Cap Quick Drying Reflective Foldable Cap Water Repellency with Mesh Race Suitable for Running Outdoor Activity for Men Woman UV Light Cap',NULL,'6793449ee5','B071XVHB3V','2018-09-06 12:01:30'),(823,'Sweatband and Sports Headbands Moisture Wicking Workout Sweatbands for Running',NULL,'ce5d71618e','B076Z13TKM','2018-09-06 12:02:03'),(824,'K.CLASSIC Fascinators Hat Vintage Mesh Net Felt Pillbox Flower Women Fascinator Hat Hair Clip (Black) at Amazon Women’s Clothing store',NULL,'4284d9410a','B01N6FYTLY','2018-09-06 12:02:15'),(825,'SIGGI 100% Wool Felt Cloche Hat Ladies 1920s Vintage Derby Church Flapper Bowler Hat Winter Grey at Amazon Women’s Clothing store',NULL,'5ae04b511e','B076BNBR6P','2018-09-06 12:02:27'),(826,'Rhode Island Novelty HACOWWP White Felt Cowgirl Hat with Pink Star',NULL,'6d23ea62c3','B001I0A0U6','2018-09-06 12:02:35'),(827,'Itopfox Womens Beachwear Sun Hat Striped Straw Hat Floppy Big Brim Hat Black 1',NULL,'593244efcb','B01JS0CGQS','2018-09-06 12:03:09'),(828,'Women\'s Fascinators Hat Pillbox Hat Cocktail Party Hat with Veil Hair Clip (Red) at Amazon Women’s Clothing store',NULL,'08a804a63f','B01DSI6RAC','2018-09-06 12:03:17'),(829,'Tough Headwear Sweat-Wicking Helmet Liner Cooling Skull Cap for Men & Women',NULL,'5cba147dbc','B072JPLJBN','2018-09-06 12:04:13'),(830,'Lisianthus Women Belt Buckle Fedora Hat Black at Amazon Women’s Clothing store',NULL,'0b7ce30d14','B071HFQT45','2018-09-06 12:05:54'),(831,'Lisianthus Women Belt Buckle Fedora Hat Dark-Camel at Amazon Women’s Clothing store',NULL,'2a131ad779','B0716JJGQW','2018-09-06 12:06:01'),(832,'ICOLOR Sun Caps Flap Hats 360° Solar Protection Folding UPF 50+ Sun Cap Removable Neck&Face Flap Cover Caps for Baseball',NULL,'1cc72d27de','B01MF5RGWF','2018-09-06 12:06:57'),(833,'VBIGER Women\'s Fascinator Woolen Felt Pillbox Hat Cocktail Party Wedding Bow Veil (Black) at Amazon Women’s Clothing store',NULL,'96b02fad8c','B00ZF1C2B4','2018-09-06 12:07:05'),(834,'Bienvenu Women Wide Large Brim Floppy Foldable Roll up UPF 50+ Beach Sun Hat',NULL,'b83e8ebd8d','B01D7X6DUM','2018-09-06 12:07:14'),(835,'Hot Leathers BCA1030 Lone Wolf Baseball Hat (Black)',NULL,'0f7ea69cad','B007OUPSII','2018-09-06 12:07:33'),(836,'Lisianthus Women Belt Buckle Fedora Hat Camel at Amazon Women’s Clothing store',NULL,'3c3a466c8b','B072HN7C24','2018-09-06 12:07:43'),(837,'Frogg Toggs Waterproof Breathable Boonie Hat',NULL,'3da1d7a9d3','B0083E5EOC','2018-09-06 12:07:50'),(838,'Bellady Women Solid Color Winter Hat 100 percent Wool Cloche Bucket with Bow Accent',NULL,'20ed9ff5c5','B01MRIKHK4','2018-09-06 12:07:57'),(839,'EINSKEY Men\'s Cowboy Sun Hat Outdoor Wide Brim Bucket Hat Foldable Cotton Boonie Hat for Hunting Fishing Safari',NULL,'248363ff0b','B078YSC5P6','2018-09-06 12:08:47'),(840,'VBIGER Fashion New Women Vintage Wool Round Fedora Cloche Cap Wool Felt Bowler Hat (Black 2)',NULL,'fe67b6d05e','B00XVCGK12','2018-09-06 12:08:59'),(841,'SIGGI NOT Foldable Bucket Cord Sun Summer Beach Hat with Wide Brim for Women UPF50+ Khaki at Amazon Women’s Clothing store',NULL,'dff406321c','B01C5GMLZI','2018-09-06 12:09:18'),(842,'Momoday Bluetooth Music Soft Warm Beanie Hat Cap with Stereo Headphone Headset Speaker Wireless Mic Hands-free for Men Women Speaker Winter Outdoor Sport Best Gift (Dark Grey)',NULL,'4e221a7593','B012MXAGXS','2018-09-06 12:10:16'),(843,'SIGGI Womens Wide Brim Summer Sun Flap Cap Hat Neck Cover Cord Cotton UPF 50+ Khaki at Amazon Women’s Clothing store',NULL,'a903373861','B01F4RJG30','2018-09-06 12:11:22'),(844,'NYFASHION101 Wool Wide Brim Porkpie Fedora Hat w/Simple Band Accent',NULL,'a075220bcc','B01C911RJA','2018-09-06 12:11:44'),(845,'Felt Top Hat by Funny Party Hats - Costume Top Hat',NULL,'897ec3dd90','B01FKPCWVY','2018-09-06 12:11:55'),(846,'Speedball Fabric Screenprinting Ink Starter Set - Arts',NULL,'a2be5faa97','B001E0JFOM','2018-09-06 12:12:21'),(847,'Akashiya CA200/20V Sai Watercolor Brush Pen - 20 Color Set (1',NULL,'df565b3379','B000VZB51C','2018-09-06 12:12:27'),(848,'Kuretake ZIG Clean Color Real Watercolor Brush Pens',NULL,'dc0be0cb31','B01BLEISSY','2018-09-06 12:12:43'),(849,'Water and Sun Resistant Vibrant Colors Low Odor Long Lasting Fast Drying Assorted Colors',NULL,'758b7376cc','B01GDEQ0X2','2018-09-06 12:13:00'),(850,'Metallic Color Painting Pen for Rock Painting - DIY Photo Album (Brush Tip)',NULL,'8ef9a4e3ae','B01MXBTK1X','2018-09-06 12:13:15'),(851,'Metallic Calligraphy Painting Pen for Card Making',NULL,'b98c65eefa','B079JW6C3W','2018-09-06 12:13:27'),(852,'Rock painting. 10 Permanent Acrylic Paint Markers',NULL,'133ff5cfdd','B01N5HUE1P','2018-09-06 12:13:32'),(853,'Outus 104 Pieces Locking Stitch Markers Knitting Stitch Counter Multi-Colored Crochet Stitch Needle Clip with Compartment Box',NULL,'7365b86d0b','B01N2RJT9J','2018-09-06 12:14:00'),(854,'ORACAL 651 Multi-Color Vinyl 30-Roll Starter Kit Bundle for Cricut',NULL,'c74b7d43d7','B01MTLTES5','2018-09-06 12:14:20'),(855,'Ultra Bright Light Sticks with 12 Hour Duration (Pack of 10)',NULL,'3dd3a2de48','B004NBZLK6','2018-09-06 12:14:53'),(856,'Best Holiday/Birthday DIY Gift Idea for your Mini Musicians',NULL,'8cc4fbab6c','B01ITCNWC8','2018-09-06 12:15:18'),(857,'3D Building Blocks Toy with Magnets for Kids - Magnetic Tiles Jolly Mags Set',NULL,'7dd04994c4','B01HPFSMB6','2018-09-06 12:15:29'),(858,'L.O.L. Surprise! Pearl Surprise - Toys & Games',NULL,'bdde0d1e80','B078W1HYH8','2018-09-06 12:16:20'),(859,'L.O.L. Surprise! Pearl Style 2 Unwrapping Toy',NULL,'ee8d38f69b','B078VZBX4P','2018-09-06 12:17:24'),(860,'Learning Resources Fresh Picked Fruit And Veggie Tote',NULL,'8d1ef1ca25','B00B2AYLYS','2018-09-06 12:17:44'),(861,'ValeforToy 72 Piece Mini Dinosaur Toy Set - Toys & Games',NULL,'6f15544b7c','B01KYYJXDQ','2018-09-06 12:17:53'),(862,'Super Soft and Warm Polar Fleece Fabric Blanket Perfect for Kids and Teens (Ages 3-12) (Dark Purple and Hot Pink)',NULL,'80d84600d4','B01JSITDLQ','2018-09-06 12:18:08'),(863,'Skipper Your Own Kon Tiki Raft !!!One size fits most',NULL,'7cd3a44efb','B000WO8BFK','2018-09-06 12:18:17'),(864,'12\" Rainbow Colored Party Pack Inflatable Beach Balls',NULL,'58f04f4d67','B01KKRV0PG','2018-09-06 12:18:28'),(865,'12 Pack 80\'s Style Neon Party Sunglasses – Fantastic Party Pack Favors',NULL,'b2f601ba6f','B01LXWBHAX','2018-09-06 12:18:57'),(866,'Jalousie 12 Sets Deluxe Girls Party Favor Jewelry Collections of Necklace and Bracelet for Easter Egg Filler Stuffers',NULL,'ab10559579','B01DWE6ZHC','2018-09-06 12:19:15'),(867,'All Seasons Seatail Sleeping Bag Blanket (Green White)',NULL,'16f4a3e346','B01MRFIZB2','2018-09-06 12:19:33'),(868,'Baby GUND My First Campout Stuffed Plush Playset',NULL,'cb18afa692','B01NANW7FS','2018-09-06 12:19:40'),(869,'Fun Central AU194 1 to 2.25 inch Underwater Sea Animals',NULL,'4e54c630ac','B01C4VIT3C','2018-09-06 12:19:51'),(870,'ReliBeauty Little Girls Layered Princess Belle Costume Dress up',NULL,'b5ef7e0f7c','B06Y5K8CCG','2018-09-06 12:20:00'),(871,'BOOBEI Two Colors Reversible Sequins Mermaid Pillow Cases 1616\" Purple and Blue',NULL,'cd00b4f572','B01KOOSFCQ','2018-09-06 12:20:07'),(872,'Little Girls swimsuits for girl one piece Mermaid Princess Toddler Bikini Swim Bathing Suit+headband',NULL,'c7b9d797c2','B01EJIS032','2018-09-06 12:20:14'),(873,'Ty My Little Pony Soft Toy Ty41182 Princess Celestia 20cm',NULL,'ba4a9fff08','B01J8KQTHK','2018-09-06 12:20:26'),(874,'Great Birthday Gift Present for Girls Age 3 4 5 6 7 8 9 10 Years Old.',NULL,'439309bb90','B06Y1WC77Y','2018-09-06 12:21:05'),(875,'Liberty Imports Foam Swords 8 Pack Weapons Toy Set for Kids + 8 Unique Ninja Pirate Warrior Viking Swords',NULL,'6ce5977770','B00PYSCXN0','2018-09-06 12:21:17'),(876,'Sarah\'s Silks Rainbow Playsilk',NULL,'8c7e069895','B000VN8HLA','2018-09-06 12:21:39'),(877,'Twin Critters Handcrafted Cat Cave Bed (Large) I Ecofriendly Cat Cave I Felted from 100% Natural Merino Wool I Handmade Pod for Cats and Kittens I Warm and cozy cat bed (Blue Jay)',NULL,'b2f81768d8','B06Y4BCP7X','2018-09-06 12:22:25'),(878,'Eco Friendly 100% Merino Wool Beds for Cats and Kittens (Slate Grey)',NULL,'9ee46072f4','B078NKPGYM','2018-09-06 12:23:53'),(879,'Twin Critters Handcrafted Cat Cave Bed (Large) - Handmade Pod for Cats and Kittens (Raw Shark)',NULL,'4132460122','B075KM857X','2018-09-06 12:24:50'),(880,'New Balance Insoles IPR3030 Pressure Relief Insole with Met',NULL,'9502f91e06','B004A9WLZE','2018-09-06 12:25:00'),(881,'Vasque Men\'s St. Elias Gore-Tex Backpacking Boot',NULL,'e9c74ffea7','B00AJHDJHK','2018-09-06 12:25:38'),(882,'SwaddleMe Pod 2-PK, Little Sport, One Size',NULL,'2dd991501b','B07BDS43CD','2018-09-06 12:26:17'),(883,'Revolving Countertop Carousel Herbs and Spices Set for Kitchen Counter',NULL,'ec264d66e2','B01EG6UN7I','2018-09-06 12:26:39'),(884,'DonJoy Performance POD Ankle Brace - Best Support Stability',NULL,'b2581d26d7','B01GD6NRJ0','2018-09-06 12:27:36'),(885,'Halter Mesh Drawer Single Serve Coffee Pod Holder - Holds 36 Coffee Pods/K-Cups',NULL,'3d47701cb2','B01MY0LIGL','2018-09-06 12:27:49'),(886,'Hape Kid\'s Coffee Maker Wooden Play Kitchen Set with Accessories',NULL,'3163b4ee6b','B006WZM79O','2018-09-06 12:28:27'),(887,'Nespresso Inissia Original Espresso Machine with Aeroccino Milk Frother Bundle by De\'Longhi',NULL,'8c0b1a9ad0','B01M9FFL35','2018-09-06 12:28:52'),(888,'My-Cap Foils to Reuse Capsules for Nespresso VertuoLine Brewers',NULL,'ddf99d0bca','B01H4A4KY0','2018-09-06 12:29:02'),(889,'4 Reusable Refillable K Cup Coffee Filters Accessories for Keurig 2.0 K200',NULL,'6d557a9cb7','B01JAC77TA','2018-09-06 12:29:07'),(890,'Twin Critters Handcrafted Cat Cave Bed (Large) I Ecofriendly Cat Cave I Felted from 100% Natural Merino Wool I Handmade Pod for Cats and Kittens I Warm and cozy cat bed (Brown Pebble)',NULL,'d44e9c727e','B01CHM0G66','2018-09-06 12:29:18'),(891,'Perfect Pod EZ-Scoop For Refillable K-Cup Filters - Coffee Scoop & Funnel',NULL,'c65dc3c6ea','B01AML6LT0','2018-09-06 12:29:38'),(892,'Hamilton Beach 40792 Espresso & Cappuccino Maker',NULL,'ebdc9e4ad5','B01AT75AX0','2018-09-06 12:30:28'),(893,'My-Cap\'s Cap to Reuse Capsules for Nespresso VertuoLine Brewers',NULL,'08146af180','B01LFNWBV6','2018-09-06 12:30:34'),(894,'OFFROADTOWN 4\'\' 144W QUAD Row LED Light Bar OSRAM Work Light Spot Beam Off road Driving Fog lights Waterproof LED Cubes for Truck Jeep Boat',NULL,'5fd9a895eb','B074FVYB49','2018-09-06 12:30:48'),(895,'Educational Insights Playfoam Combo 8-Pack - Never Dries Out!',NULL,'d55c2550e4','B004ALKLR2','2018-09-06 12:30:54'),(896,'Rustic Leather Hot Handle Holder (Cast Iron Panhandle Potholder) Double Layered',NULL,'5a68a32908','B017M7VG5G','2018-09-06 12:32:58'),(897,'Morken Barware Moscow Mule Mugs - Premium 1/2 Pound Mugs',NULL,'0fa0fa4af9','B00SCA6ZXQ','2018-09-06 12:33:48'),(898,'Lisianthus Women Belt Buckle Fedora Hat Grey at Amazon Women’s Clothing store',NULL,'2fdf435271','B07193XYWV','2018-09-06 12:34:48'),(899,'Safety 1st Vintage Grey Wood Gate, Grey',NULL,'02d8ab7fb1','B06XJ795LD','2018-09-06 12:35:34'),(900,'Brixton Men\'s Wesley Fedora Hat',NULL,'b9f3878c2a','B076K66Q6L','2018-09-06 12:35:47'),(901,'Belfry Topper 100% Wool Satin Lined Men\'s Top Hat in Black Available in 4 Sizes Medium Black at Amazon Men’s Clothing store',NULL,'bdc735735b','B0061QY8FU','2018-09-06 12:35:56'),(902,'Ferrecci XL Premium Fuchsia Top Hat at Amazon Men’s Clothing store',NULL,'66265c346f','B016COAJGW','2018-09-06 12:36:16'),(903,'Satin Lined 100% Wool Derby Hat Black (Small) at Amazon Men’s Clothing store',NULL,'a2421474f9','B00FX6O91W','2018-09-06 12:37:16'),(904,'Sakkas CL1489 Vintage Style 100% Wool Cloche Bucket Winter Hat',NULL,'cdc7a60f45','B00GAHR26M','2018-09-06 12:37:50'),(905,'Satin Lined 100% Wool Derby Hat Black (XX-Large) at Amazon Men’s Clothing store',NULL,'a2421474f9','B00FX6O95S','2018-09-06 12:38:17'),(906,'Ferrecci M Premium Black Top Hat at Amazon Men’s Clothing store',NULL,'e12b8e41c2','B00W4JA32A','2018-09-06 12:38:49'),(907,'Scala Men\'s Wool Felt Top Hat at Amazon Men’s Clothing store',NULL,'bdee39c5b2','B001GA99VO','2018-09-06 12:38:57'),(908,'Ferrecci XL Premium Black Top Hat at Amazon Men’s Clothing store',NULL,'e12b8e41c2','B00W4JA7MG','2018-09-06 12:39:12'),(909,'Medium at Amazon Men’s Clothing store - Stacy Adams Men\'s Crushable Fedora',NULL,'aecfa61484','B004W114PS','2018-09-06 12:39:22'),(910,'Coolwife Womens Fascinator Veil Flower Cocktail Tea Party Headwear (Grey) at Amazon Women’s Clothing store',NULL,'7bf7014837','B01KRQU6SC','2018-09-06 12:39:52'),(911,'Belfry Topper 100% Wool Satin Lined Men\'s Top Hat in Black Available in 4 Sizes Large Black at Amazon Men’s Clothing store',NULL,'bdc735735b','B0061QWZL4','2018-09-06 12:40:15'),(912,'Belfry Topper 100% Wool Satin Lined Men\'s Top Hat in Black Available in 4 Sizes X-Large Black at Amazon Men’s Clothing store',NULL,'bdc735735b','B0061QXR1Q','2018-09-06 12:40:22'),(913,'Satin Lined 100% Wool Derby Hat Black (Large) at Amazon Men’s Clothing store',NULL,'a2421474f9','B00FX6O94O','2018-09-06 12:40:51'),(914,'Belfry Topper 100% Wool Satin Lined Men\'s Top Hat in Black Available in 4 Sizes Small Black at Amazon Men’s Clothing store',NULL,'bdc735735b','B0061QVX8U','2018-09-06 12:41:53'),(915,'Professional Organic Body & Face Facepaints - Safe Facepainting for Sensitive Skin',NULL,'e5e186a8c5','B01CALWUYK','2018-09-06 12:42:29'),(916,'uni-posca Paint Marker Pen - Set of 15 (PC-3M15C)',NULL,'3f0977a2f0','B001ANVDMA','2018-09-06 12:42:38'),(917,'Ohuhu Set of 6 Watercolor Painting Brushes for Water Soluble Colored Pencils',NULL,'9fd8bf3c34','B01LZ8NUHW','2018-09-06 12:42:51'),(918,'Fabric Paint 3D Permanent 24 Colors Set Marker Pens Style Premium Quality vibrant color textile paints dye for Fabric',NULL,'f859e94e6b','B01G4EOXZI','2018-09-06 12:43:19'),(919,'Elmer\'s Painters Opaque Paint Marker - Medium Point',NULL,'ba24b3025c','B0027AEB3I','2018-09-06 12:43:29'),(920,'Immersive Color Dual Tip Brush Pens with Fineliner Tip (Pack of 24)',NULL,'9c505eee99','B01ES37THG','2018-09-06 12:43:35'),(921,'3M Whiteboard Eraser for Whiteboards - White/Blue (581-WBE)',NULL,'91250669b6','B000MFHX3U','2018-09-06 12:43:47'),(922,'Artist Face and Body Professional Painting Kits with Synthetic Nylon Tips',NULL,'2602e5f887','B074CL66VH','2018-09-06 12:44:17'),(923,'Kiwi Camp Dry Heavy Duty Water Repellent - Sports & Outdoors',NULL,'3ca77fd34c','B01LWIT5Z6','2018-09-06 12:44:40'),(924,'Perfect for 5.3 & 5.8 QT Air Fryers/Baking/Cooking',NULL,'5cf96e8f80','B06Y2TSXDH','2018-09-06 12:44:51'),(925,'Birchwood Casey Super Black Touch-Up Pen - Flat - Sports & Outdoors',NULL,'f9809aee75','B00JSAE0ZY','2018-09-06 12:45:09'),(926,'Atsko Silicone Water-Guard 10.5 oz - Sports & Outdoors',NULL,'9f06105b6a','B0001FYL2M','2018-09-06 12:45:31'),(927,'and Tracing Paper by Diagnostics Direct - 21\" x 225\' Single Roll of Patternmaking',NULL,'03ef857cb9','B007AH74VO','2018-09-06 12:45:50'),(928,'VViViD 3M Clear Paint Protection Vinyl Film 6\" Wide Choose Your Size Including Tools (6\" x 48\")',NULL,'6bd74b591d','B01LXOPYQ4','2018-09-06 12:46:01'),(929,'White Chalkboard Chalk Markers by VersaChalk (Fine Markers)',NULL,'163e24953d','B01DKVYIO4','2018-09-06 12:46:13'),(930,'Full Meal Management System includes Portion Control Meal Prep Containers + Ice Pack (3 Meal',NULL,'4d2d3091e9','B01LXM4RY6','2018-09-06 12:47:02'),(931,'yodo Upgraded Kids Insulated Toddler Backpack with Safety Harness Leash and Name Label',NULL,'2ac36f6571','B00WO92FE4','2018-09-06 12:47:16'),(932,'Gourmet Writer Food Decorator Pens - Assorted Colors',NULL,'2ab1991fbd','B0012DMI1S','2018-09-06 12:47:33'),(933,'ESSENSON Magic Crystal Slime Putty Toy Soft Rubber Fruit Slime for Kids',NULL,'53e3ab0a5c','B0746DBP9N','2018-09-06 12:48:01'),(934,'Carrying Case and Accessories (FBA) - Coquimbo Mini Sewing Kit for Kids',NULL,'6983d6677a','B01G3LOLD6','2018-09-06 12:48:19'),(935,'Klutz String Art Book Kit - The Editors of Klutz',NULL,'d0bcc775e7','0545703212','2018-09-06 12:48:27'),(936,'Preethi Eco Twin Jar Mixer Grinder - 550-Watt - Electric Food Grinders',NULL,'8ef787810b','B007T0CIVS','2018-09-06 12:48:37'),(937,'52 Servings of Wise Freeze Dried Emergency Food and Drink Storage',NULL,'ef68af8f91','B009779DUA','2018-09-06 12:48:59'),(938,'Mountain House Beef Stew 6-Pack - Sports & Outdoors',NULL,'a1c96e6ce5','B01MTQJQX6','2018-09-06 12:49:10'),(939,'Shipped with 5 Painted Lady Caterpillars Now- Pop Up Cage',NULL,'fa4059216b','B013MG8154','2018-09-06 12:49:37'),(940,'Rothco 3 Piece 1 Quart Canteen Kit With Cover & Aluminum Cup',NULL,'f52c2b91ca','B00598KU7Q','2018-09-06 12:49:49'),(941,': ALEX DIY Knot A Quilt: Toys & Games',NULL,'7981c93102','B000F3V2R2','2018-09-06 12:50:15'),(942,'WikkiStix for Doodlers Molding & Sculpting Sticks',NULL,'269366c564','B00TF7ZZM2','2018-09-06 12:50:46'),(943,'Safe BPA Free Plastic Build Your Own Straws and Connectors Kit with 44 Letters and 4 Straw Bases',NULL,'235dc9df57','B06X9H1BKP','2018-09-06 12:51:11'),(944,'To-Go Ware Utensil Set with Carrying Case (Avocado) (705105479308)',NULL,'b03b5014ee','B002BFUPUM','2018-09-06 12:51:28'),(945,'ALEX Toys Craft Simply Needlepoint Flower - Toys & Games',NULL,'7c14ab71b3','B000HV0ER6','2018-09-06 12:51:57'),(946,'Best As Reusable Drinking Bottle - Stainless Steel Leak Proof Lid',NULL,'7c05a9c36e','B01DN6001G','2018-09-06 12:52:08'),(947,'Professional 24\'\'x24\'\'x24\'\' Photo Lighting Studio Shooting Tent Box Kit',NULL,'ba2023594a','B00WHX1LFG','2018-09-06 12:52:12'),(948,'American Girl Crafts 30-675049 Owls Sew and Stuff Kit',NULL,'8507433b20','B00468HMDA','2018-09-06 12:52:22'),(949,'21 Sewing Projects Kids Will Love to Make - Andria Lisle',NULL,'b004c777b7','1603425780','2018-09-06 12:53:00'),(950,': Wolf Nose: Clothing',NULL,'1979b43ebe','B003XXXZTO','2018-09-06 12:53:15'),(951,': elope Gray Fingerless Paws : Clothing',NULL,'e3800f4d9c','B00IOXL5ZE','2018-09-06 12:53:26'),(952,'LEORX 10pcs Different Cartoon Animal Finger Puppets Soft Velvet Dolls Props Toys',NULL,'b150362f48','B00OJ0FZFC','2018-09-06 12:53:35'),(953,'Velvet Cute Animal Style Finger Puppets for Children',NULL,'9cee9f815e','B00VU5R8JA','2018-09-06 12:53:47'),(954,'Melissa & Doug Make-Your-Own Fuzzy Monster Puppet Kit With Carrying Case (30 pcs)',NULL,'d21657244b','B000JLPAK0','2018-09-06 12:54:51'),(955,'12 Colors Paint Crayons Sticks Stackable Toys for Kids',NULL,'8becf172bd','B077D4Z9N1','2018-09-06 12:55:07'),(956,'Melissa & Doug Mickey Mouse & Friends Soft & Cuddly Hand Puppets Plush',NULL,'56797683b6','B01MG81X27','2018-09-06 12:55:44'),(957,'Dimensions FO2592242OE Counted Cross Stitch - Gold Collection Snowman Gathering Stocking',NULL,'c5d15ef3fb','B007IQTZGO','2018-09-06 12:56:44'),(958,'Dimensions Needlecrafts Counted Cross Stitch - Emma\'s Friends Stocking',NULL,'4a3fd2d673','B000W5I4Q0','2018-09-06 12:58:48'),(959,'The Essential Guide to Interlace Knitting - Rosemary Drysdale',NULL,'cf8fa530c6','1942021313','2018-09-06 12:59:23'),(960,'Cute Handicrafts to Make with Your Cat (8601200653939)',NULL,'cecef40af7','1594745250','2018-09-06 12:59:40'),(961,'Varicose Veins - Best Medical',NULL,'66c451d3d2','B074L12YB8','2018-09-06 13:00:13'),(962,'Contains 200 ( .5 Inch) Adhesive Craft Dots (08165)',NULL,'91a581044c','B0011N832C','2018-09-06 13:00:20'),(963,': Cricut Maker',NULL,'3f9dbb3927','B072VYPWM4','2018-09-06 13:00:29'),(964,'EASELAND Quilted Fitted Mattress Pad (Full)-Mattress Cover Stretches up 8-21\" Deep Pocket Down Alternative Filling Mattress Topper',NULL,'945c7a2f4b','B0741222B8','2018-09-06 13:00:49'),(965,'Safety Baby Zipper Crib Cover & Protector - Fully Encased',NULL,'ac2af497c2','B01GZHTPNY','2018-09-06 13:00:52'),(966,'Ohuhu Set of 10 for DIY Birthday Greeting Gift Thank You Card',NULL,'e44eca0607','B01N4NE177','2018-09-06 13:00:59'),(967,'Presto 07072 Slimline Griddle - Black - Kitchen & Dining',NULL,'d4531c55dc','B01CEAH57E','2018-09-06 13:01:08'),(968,'Kitchen Rubber Cleaning Gloves with Lining Household Thickening PU Waterproof Dishwashing Latex Glove Large 2 Pairs',NULL,'efa56f3e1c','B01N57IEJB','2018-09-06 13:01:22'),(969,'18 \" x 175\' (2100\") Peach Wrapping Paper for Beef Briskets',NULL,'2c30612186','B06XCCQ9K4','2018-09-06 13:01:40'),(970,'OXO Good Grips Non-Stick Open Frypan - 8 - Kitchen & Dining',NULL,'ff199cf1ac','B00PCI6XDI','2018-09-06 13:02:18'),(971,'Premium Thick Paper with Fine Inner Pocket - Dot Grid Hard Cover Notebook',NULL,'11cec28f79','B0797P84CZ','2018-09-06 13:02:27'),(972,'Luna Sundara Palo Santo Smudging Sticks 100% Premium High Resin Palo Santo',NULL,'a97a31d82b','B00ZIX48CA','2018-09-06 13:02:51'),(973,'Stasher Reusable Silicone Food Bag - Sous vide Bag',NULL,'d92dccd6e5','B01DZQT9CU','2018-09-06 13:03:07'),(974,'Wall Mounting Material Included - - Americanflat 11x17 Picture Frame',NULL,'e58b6b7765','B015QAN15E','2018-09-06 13:03:48'),(975,'Eco-Friendly Natural Cork Hardcover Dot Grid Notebook with Pen Loop',NULL,'94ac6018a6','B075NKDSBZ','2018-09-06 13:03:57'),(976,'STA-TITE Seat Fastening System and Chrome Metal Hinges',NULL,'29bb3d3d7b','B000X1O02K','2018-09-06 13:04:08'),(977,'DERMAL Collagen Essence Full Face Facial Mask Sheet (Pack of 24)',NULL,'33bfe1dbd6','B0722LVW3B','2018-09-06 13:04:31'),(978,'ONYX MoveVent Curve Paddle Sports Life Vest - Sports & Outdoors',NULL,'2a54a7c2c1','B0179WLQU4','2018-09-06 13:04:43'),(979,'Wilson Cast Away Volleyball - Outdoor Volleyballs',NULL,'ea3f27ad42','B00005LL1K','2018-09-06 13:05:43'),(980,'GOLDENROD (625) Pistol Pump Oiler with Straight Spout',NULL,'7ab4d5621c','B000VA93MK','2018-09-06 13:05:55'),(981,'Polare Men\'s Full Grain Leather 16\'\' Briefcase Shoulder Messenger Bag Fit 15.6\'\' Laptop',NULL,'c1167014e1','B00PAMD76M','2018-09-06 13:06:02'),(982,'Sharpie Plastic Point Stick Water Resistant Pen - Black (1742663)',NULL,'d7f9f76fa5','B001B66DXU','2018-09-06 13:06:12'),(983,'UV Protection Baseball/Football Jersey Frame Display Case Shadow Box',NULL,'1682c9bcc4','B002NV31FA','2018-09-06 13:06:26'),(984,'Support for Pulled Hamstring Muscle - Recovery (Single',NULL,'70a1a859ba','B072FH476S','2018-09-06 13:06:31'),(985,'Zober Premium Quality Space Saving Velvet Hangers Strong and Durable Hold Up To 10 Lbs',NULL,'70e834f695','B01N8TPQC0','2018-09-06 13:07:02'),(986,'Goldenrod Original Dehumidifier - Sports & Outdoors',NULL,'0dad7ed2e8','B00CYBDFWI','2018-09-06 13:07:11'),(987,'Set Includes Two Graphite Paddles + Four Balls + One Mesh Pickleball Carrying Bag',NULL,'759e42a915','B01MU031K4','2018-09-06 13:07:21'),(988,'Bistro 20-ounce Premium Quality Clear Plastic Tumblers',NULL,'da6b5381cb','B00ZDPGRW2','2018-09-06 13:07:31'),(989,'Premium Quality Heavy Duty Tote Bag Set with Extra Long Handles & Reinforced Bottom. Foldable',NULL,'bc4685ce72','B06XNLWB3B','2018-09-06 13:07:46'),(990,'Gel Pens for Coloring - 24 pens 70% More Ink',NULL,'4afcc6947e','B0739SHZVW','2018-09-06 13:08:07'),(991,'Quilted Shipping Furniture Pads Navy Blue and Black',NULL,'f4a7040ca4','B073V5CRQ7','2018-09-06 13:08:40'),(992,'Brotrade Reusable Mesh Produce Bags Premium Washable Eco Friendly Bags with Tare Weight on Tags for Grocery Shopping Storage',NULL,'cc73327318','B072QY85XN','2018-09-06 13:08:52'),(993,'Brown Girl Dreaming - Jacqueline Woodson',NULL,'5b29d5a02d','0147515823','2018-09-06 13:09:03'),(994,'sports games and concerts. Meets NFL and PGA Tournament guidelines.',NULL,'6c6c059e53','B010RBSAC6','2018-09-06 13:09:10'),(995,'Quilted Northern Ultra Plush Toilet Paper - 12 = 24 Regular Rolls',NULL,'b643d520da','B01DBKRWWY','2018-09-06 13:09:18'),(996,'French Press Coffee Bean Grinder Produces Coarse To Medium Grinds',NULL,'e3f7e818bb','B071ZRC7TX','2018-09-06 13:10:27'),(997,': Demdaco Baby Plush Beanbag, Wolf: Baby',NULL,'469cf2586e','B007B8MRDC','2018-09-06 13:10:32'),(998,'Dozen 5in Assorted Nylon Bean Bags Toy - Fun Express',NULL,'6b1f5c5853','B002RYVRH2','2018-09-06 13:11:14'),(999,'Non-Toxic & Plastic Free (3 Pack) - Organic Reusable Food Wraps by Etee',NULL,'43b9054582','B077Z1VVLL','2018-09-06 13:11:35'),(1000,'Nylon Bean Bags Toy Assorted 12 pc 5x5in by Oojami',NULL,'c9918a18c2','B01I0KV0R8','2018-09-06 13:11:54'),(1001,'Cornhole LED Board Lights so You Can Play at Night! (set of 2) -Choose from White or Blue- Quality Construction',NULL,'b68fa6c76b','B01JM06XIQ','2018-09-06 13:12:04'),(1002,'GoSports Official Regulation Cornhole Bean Bags Set (4 All Weather Bags)',NULL,'6e32680ff0','B01IN60KAC','2018-09-06 13:12:33'),(1003,'Arts, Crafts & Sewing - Shredded Foam Fill',NULL,'4d7d3cc0ed','B004ZI8XCK','2018-09-06 13:12:46'),(1004,'Garmin Portable Friction Mount - Frustration Free Packaging',NULL,'f0155a587f','B002OL2MU4','2018-09-06 13:13:07'),(1005,'Duncan Juggling Balls - Toys & Games',NULL,'208688d0ef','B001A47VKC','2018-09-06 13:13:12'),(1006,'Fred UNZIPPED Hand-Blown Glass Bowl - Serving Bowls',NULL,'0937aadddf','B001XSLEN0','2018-09-06 13:13:21'),(1007,'Triumph Tournament Bean Bag Toss Game with 2 Easy Transport Game Platforms with Scratch Resistant Surface',NULL,'1af81b7990','B002EAU9Z0','2018-09-06 13:13:38'),(1008,'WINNER OUTFITTERS 6-Pack 3 Gallon Grow Bags/Aeration Fabric Pots Handles',NULL,'790e7ae248','B06XC22L38','2018-09-06 13:13:51'),(1009,'\"Soft \'n Snuggly\" Comfy Fabric Kids Love - Jumbo Stuffed Animal Storage Bean Bag',NULL,'396ea51cb8','B06XPZZK9G','2018-09-06 13:14:13'),(1010,'Travel Case and Game Rules (Choose between Classic',NULL,'b2ad40b9a5','B00UYWQRVK','2018-09-06 13:14:28'),(1011,'purifyou Premium Reusable Mesh/Produce Bags - with Tare Weight on Tags',NULL,'4bf579109a','B01ISYGFGM','2018-09-06 13:15:10'),(1012,'3 Quality Juggling Balls + FREE online Instructional Video + Burlap Carry Bag by MisterM by MRM',NULL,'bd7d08b43e','B00GXZJDCW','2018-09-06 13:16:16'),(1013,'Ever Fairy Chiffon Lace Flower Baby Girls Turban Headband Head Wrap Hair Band With Pearl(2 Pack)',NULL,'01d3329e0d','B01J7IB6L2','2018-09-06 13:16:43'),(1014,'Baby Girls/ Kids First Birthday Hat Sparkle Gold Flower Style with Artificial Rose Flower (1st Golden Crown)',NULL,'0415b3b0c2','B075DZMBTQ','2018-09-06 13:16:55'),(1015,'Baby Girls/Kids First Birthday Hat Sparkle Gold Flower Style with Artificial Rose Flower (5st Golden Crown)',NULL,'22b9e15ccf','B06XZNB4Q2','2018-09-06 13:17:22'),(1016,'DANMY Baby Girl Super Stretchy Headband Big Lace Petals Flower Baby Hair Band Newborn Hair Accessories (Bow Set (10pcs))',NULL,'f2ebe3f692','B07BTVS7TC','2018-09-06 13:17:49'),(1017,'Turkey Headband Party Accessory (1 count) (1/Pkg)',NULL,'80bd6cda58','B007FZOEPK','2018-09-06 13:17:57'),(1018,'Ever Fairy Chiffon Lace Flower Baby Girls Turban Headband Head Wrap With Pearl (Pack of 4)',NULL,'04721c4973','B01LXH94BR','2018-09-06 13:18:07'),(1019,'Crossfit Dominating Your Competition-Performance Stretch & Moisture Wicking Men Women Unisex Gym Fits All',NULL,'beecc22154','B075M9BDMV','2018-09-06 13:18:23'),(1020,'Ribbon Lined Alligator Hair Clips (B) - Belle Beau Baby Girls Hair Bows',NULL,'586c881ac6','B01IBTH4W8','2018-09-06 13:18:37'),(1021,'Bundle Monster 18pc Girl Baby Toddler Ribbon Bows Flowers Mixed Design Hair Clip',NULL,'29d673aa04','B007SZL8MO','2018-09-06 13:18:57'),(1022,'Best Guys Sweatband & Sports Headband for Running - Working Out and Dominating Your Competition',NULL,'3a02f9d3c8','B07434TH7T','2018-09-06 13:19:04'),(1023,'Assorted 10 Pack of Hair Accessories for Girls - Parker Baby Girl Headbands and Bows',NULL,'13d4cadcdf','B071VSTLZ5','2018-09-06 13:19:14'),(1024,'Posh Peanut Unicorn Childrens Party Hat Horn Glitter Hard Headband Spiral Unicorn Horn Photo Props Cosplay (Pink',NULL,'a297ca3c27','B075TXNVDZ','2018-09-06 13:19:21'),(1025,'Construction Engineering STEM Learning Toy Building Play Set',NULL,'9d4f64072b','B06XMYWVGJ','2018-09-06 13:21:03'),(1026,'Colorforms Retro Miss Weather - Toys & Games',NULL,'6453fe3556','B0110P2QP0','2018-09-06 13:21:23'),(1027,'Elk & Bear Double Sided Magnetic Whiteboard Painting Easel for Small Kids and Toddlers',NULL,'cd33524002','B01M2Y3A6U','2018-09-06 13:22:08'),(1028,'Chore Reward Chart for Multiple Kids with Magnetic Backing',NULL,'fee4dc762e','B0176G22JW','2018-09-06 13:22:40');
/*!40000 ALTER TABLE `items` ENABLE KEYS */;
UNLOCK TABLES;
/*!40103 SET TIME_ZONE=@OLD_TIME_ZONE */;

/*!40101 SET SQL_MODE=@OLD_SQL_MODE */;
/*!40014 SET FOREIGN_KEY_CHECKS=@OLD_FOREIGN_KEY_CHECKS */;
/*!40014 SET UNIQUE_CHECKS=@OLD_UNIQUE_CHECKS */;
/*!40101 SET CHARACTER_SET_CLIENT=@OLD_CHARACTER_SET_CLIENT */;
/*!40101 SET CHARACTER_SET_RESULTS=@OLD_CHARACTER_SET_RESULTS */;
/*!40101 SET COLLATION_CONNECTION=@OLD_COLLATION_CONNECTION */;
/*!40111 SET SQL_NOTES=@OLD_SQL_NOTES */;

-- Dump completed on 2018-09-06 17:00:15
